nome_drs,semana_epidem,cod_drs.x,pop,pop_60,area,casos_not,casos_sin,casos_not_pc,casos_sin_pc,obitos_not,obitos_sin,obitos_not_pc,obitos_sin_pc
Araçatuba,9,7,764041,134989,1639171,0,3,0,0.392649085585721,0,0,0,0
Araçatuba,10,7,764041,134989,1639171,0,1,0,0.130883028528574,0,0,0,0
Araçatuba,11,7,764041,134989,1639171,0,20,0,2.61766057057147,0,0,0,0
Araçatuba,12,7,764041,134989,1639171,0,35,0,4.58090599850008,0,1,0,0.130883028528574
Araçatuba,13,7,764041,134989,1639171,0,31,0,4.05737388438579,0,1,0,0.130883028528574
Araçatuba,14,7,764041,134989,1639171,7,40,0.916181199700016,5.23532114114295,0,1,0,0.130883028528574
Araçatuba,15,7,764041,134989,1639171,13,40,1.70147937087146,5.23532114114295,0,3,0,0.392649085585721
Araçatuba,16,7,764041,134989,1639171,35,55,4.58090599850008,7.19856656907155,0,4,0,0.523532114114295
Araçatuba,17,7,764041,134989,1639171,36,63,4.71178902702865,8.24563079730014,5,3,0.654415142642869,0.392649085585721
Araçatuba,18,7,764041,134989,1639171,42,83,5.4970871982001,10.8632913678716,0,6,0,0.785298171171442
Araçatuba,19,7,764041,134989,1639171,86,55,11.2559404534573,7.19856656907155,5,2,0.654415142642869,0.261766057057147
Araçatuba,20,7,764041,134989,1639171,72,98,9.42357805405731,12.8265367958002,7,6,0.916181199700016,0.785298171171442
Araçatuba,21,7,764041,134989,1639171,75,134,9.81622713964303,17.5383258228289,3,2,0.392649085585721,0.261766057057147
Araçatuba,22,7,764041,134989,1639171,52,184,6.80591748348583,24.0824772492576,4,11,0.523532114114295,1.43971331381431
Araçatuba,23,7,764041,134989,1639171,110,334,14.3971331381431,43.7149315285436,4,17,0.523532114114295,2.22501148498575
Araçatuba,24,7,764041,134989,1639171,152,539,19.8942203363432,70.5459523769012,7,19,0.916181199700016,2.4867775420429
Araçatuba,25,7,764041,134989,1639171,293,793,38.3487273588721,103.790241623159,12,23,1.57059634234288,3.0103096561572
Araçatuba,26,7,764041,134989,1639171,521,1031,68.1900578633869,134.94040241296,12,33,1.57059634234288,4.31913994144293
Araçatuba,27,7,764041,134989,1639171,554,1457,72.5091978048298,190.696572566132,23,29,3.0103096561572,3.79560782732864
Araçatuba,28,7,764041,134989,1639171,1060,1461,138.736010240288,191.220104680246,22,40,2.87942662762862,5.23532114114295
Araçatuba,29,7,764041,134989,1639171,899,1400,117.663842647188,183.236239940003,22,31,2.87942662762862,4.05737388438579
Araçatuba,30,7,764041,134989,1639171,2021,1223,264.514600656248,160.069943890446,42,23,5.4970871982001,3.0103096561572
Araçatuba,31,7,764041,134989,1639171,1440,1026,188.471561081146,134.285987270317,31,28,4.05737388438579,3.66472479880006
Araçatuba,32,7,764041,134989,1639171,1355,880,177.346503656217,115.177065105145,23,18,3.0103096561572,2.35589451351433
Araçatuba,33,7,764041,134989,1639171,1213,895,158.76111360516,117.140310533073,22,16,2.87942662762862,2.09412845645718
Araçatuba,34,7,764041,134989,1639171,1053,785,137.819829040588,102.74317739493,26,27,3.40295874174292,3.53384177027149
Araçatuba,35,7,764041,134989,1639171,833,768,109.025562764302,100.518165909945,27,9,3.53384177027149,1.17794725675716
Araçatuba,36,7,764041,134989,1639171,725,648,94.8901956832159,84.8122024865158,23,13,3.0103096561572,1.70147937087146
Araçatuba,37,7,764041,134989,1639171,788,759,103.135826480516,99.3402186531875,14,22,1.83236239940003,2.87942662762862
Araçatuba,38,7,764041,134989,1639171,785,801,102.74317739493,104.837305851388,12,21,1.57059634234288,2.74854359910005
Araçatuba,39,7,764041,134989,1639171,885,740,115.831480247788,96.8534411111446,21,20,2.74854359910005,2.61766057057147
Araçatuba,40,7,764041,134989,1639171,939,446,122.899163788331,58.3738307237439,24,7,3.14119268468577,0.916181199700016
Araçatuba,41,7,764041,134989,1639171,781,144,102.219645280816,18.8471561081146,30,0,3.92649085585721,0
Araçatuba,42,7,764041,134989,1639171,375,13,49.0811356982151,1.70147937087146,15,0,1.96324542792861,0
Araraquara,9,8,991435,163288,915921,0,2,0,0.201727798594966,0,0,0,0
Araraquara,10,8,991435,163288,915921,0,1,0,0.100863899297483,0,0,0,0
Araraquara,11,8,991435,163288,915921,0,13,0,1.31123069086728,0,0,0,0
Araraquara,12,8,991435,163288,915921,0,18,0,1.81555018735469,0,3,0,0.302591697892449
Araraquara,13,8,991435,163288,915921,0,9,0,0.907775093677346,0,2,0,0.201727798594966
Araraquara,14,8,991435,163288,915921,4,31,0.403455597189932,3.12678087822197,0,2,0,0.201727798594966
Araraquara,15,8,991435,163288,915921,17,49,1.71468628805721,4.94233106557666,4,1,0.403455597189932,0.100863899297483
Araraquara,16,8,991435,163288,915921,42,35,4.23628377049428,3.5302364754119,1,1,0.100863899297483,0.100863899297483
Araraquara,17,8,991435,163288,915921,12,55,1.2103667915698,5.54751446136156,2,2,0.201727798594966,0.201727798594966
Araraquara,18,8,991435,163288,915921,36,62,3.63110037470939,6.25356175644394,1,3,0.100863899297483,0.302591697892449
Araraquara,19,8,991435,163288,915921,60,99,6.05183395784898,9.98552603045081,1,3,0.100863899297483,0.302591697892449
Araraquara,20,8,991435,163288,915921,91,191,9.17861483607095,19.2650047658192,2,7,0.201727798594966,0.706047295082381
Araraquara,21,8,991435,163288,915921,140,201,14.1209459016476,20.2736437587941,1,2,0.100863899297483,0.201727798594966
Araraquara,22,8,991435,163288,915921,174,309,17.550318477762,31.1669448829222,4,4,0.403455597189932,0.403455597189932
Araraquara,23,8,991435,163288,915921,317,441,31.9738560773021,44.48097959019,1,10,0.100863899297483,1.00863899297483
Araraquara,24,8,991435,163288,915921,378,488,38.1265539344486,49.2215828571717,6,10,0.605183395784898,1.00863899297483
Araraquara,25,8,991435,163288,915921,432,547,43.5732044965126,55.1725529157232,6,15,0.605183395784898,1.51295848946224
Araraquara,26,8,991435,163288,915921,514,612,51.8440442389062,61.7287063700596,7,11,0.706047295082381,1.10950289227231
Araraquara,27,8,991435,163288,915921,462,778,46.5991214754371,78.4721136534417,8,14,0.806911194379864,1.41209459016476
Araraquara,28,8,991435,163288,915921,664,874,66.9736291335287,88.1550479860001,8,15,0.806911194379864,1.51295848946224
Araraquara,29,8,991435,163288,915921,510,950,51.4405886417163,95.8207043326088,17,20,1.71468628805721,2.01727798594966
Araraquara,30,8,991435,163288,915921,954,1103,96.2241599297987,111.252880925124,12,19,1.2103667915698,1.91641408665218
Araraquara,31,8,991435,163288,915921,1097,1160,110.647697529339,117.00212318508,16,24,1.61382238875973,2.42073358313959
Araraquara,32,8,991435,163288,915921,1303,1223,131.42566078462,123.356548840822,24,15,2.42073358313959,1.51295848946224
Araraquara,33,8,991435,163288,915921,1361,1235,137.275766943874,124.566915632391,15,26,1.51295848946224,2.62246138173456
Araraquara,34,8,991435,163288,915921,1188,1033,119.82631236541,104.1924079743,17,22,1.71468628805721,2.21900578454462
Araraquara,35,8,991435,163288,915921,1140,936,114.984845199131,94.408609742444,19,13,1.91641408665218,1.31123069086728
Araraquara,36,8,991435,163288,915921,1105,868,111.454608723719,87.5498645902152,25,18,2.52159748243707,1.81555018735469
Araraquara,37,8,991435,163288,915921,975,942,98.3423018150459,95.0137931382289,25,14,2.52159748243707,1.41209459016476
Araraquara,38,8,991435,163288,915921,994,938,100.258715901698,94.610337541039,19,16,1.91641408665218,1.61382238875973
Araraquara,39,8,991435,163288,915921,904,840,91.1809649649246,84.7256754098857,16,11,1.61382238875973,1.10950289227231
Araraquara,40,8,991435,163288,915921,1007,671,101.569946592565,67.6796764286111,16,7,1.61382238875973,0.706047295082381
Araraquara,41,8,991435,163288,915921,807,290,81.3971667330687,29.2505307962701,28,1,2.82418918032952,0.100863899297483
Araraquara,42,8,991435,163288,915921,359,4,36.2101398477964,0.403455597189932,10,0,1.00863899297483,0
Baixada Santista,9,13,1831884,297676,229545,0,16,0,0.87341774915879,0,1,0,0.0545886093224243
Baixada Santista,10,13,1831884,297676,229545,0,20,0,1.09177218644849,0,0,0,0
Baixada Santista,11,13,1831884,297676,229545,0,77,0,4.20332291782667,0,8,0,0.436708874579395
Baixada Santista,12,13,1831884,297676,229545,0,220,0,12.0094940509334,0,24,0,1.31012662373818
Baixada Santista,13,13,1831884,297676,229545,0,361,0,19.7064879653952,0,37,0,2.0197785449297
Baixada Santista,14,13,1831884,297676,229545,80,563,4.36708874579395,30.7333870485249,2,38,0.109177218644849,2.07436715425212
Baixada Santista,15,13,1831884,297676,229545,110,646,6.00474702546668,35.2642416222861,6,41,0.327531655934546,2.2381329822194
Baixada Santista,16,13,1831884,297676,229545,258,800,14.0838612051855,43.6708874579395,21,64,1.14636079577091,3.49367099663516
Baixada Santista,17,13,1831884,297676,229545,332,1184,18.1234182950449,64.6329134377504,15,86,0.818829139836365,4.69462040172849
Baixada Santista,18,13,1831884,297676,229545,420,1972,22.9272159154182,107.648737583821,45,110,2.4564874195091,6.00474702546668
Baixada Santista,19,13,1831884,297676,229545,635,2600,34.6637669197395,141.930384238303,51,145,2.78401907544364,7.91534835175153
Baixada Santista,20,13,1831884,297676,229545,818,3412,44.6534824257431,186.256335008112,34,138,1.85601271696243,7.53322808649456
Baixada Santista,21,13,1831884,297676,229545,1292,4042,70.5284832445723,220.647158881239,84,176,4.58544318308364,9.60759524074668
Baixada Santista,22,13,1831884,297676,229545,2299,3853,125.499212832254,210.329911719301,131,157,7.15110782123759,8.57041166362062
Baixada Santista,23,13,1831884,297676,229545,3823,4186,208.692253439628,228.507918623668,106,143,5.78639258817698,7.80617113310668
Baixada Santista,24,13,1831884,297676,229545,2828,4334,154.376587163816,236.587032803387,63,166,3.43908238731273,9.06170914752244
Baixada Santista,25,13,1831884,297676,229545,3854,3569,210.384500328623,194.826746671732,155,112,8.46123444497577,6.11392424411153
Baixada Santista,26,13,1831884,297676,229545,3906,4056,213.223108013389,221.411399411753,150,70,8.18829139836365,3.8212026525697
Baixada Santista,27,13,1831884,297676,229545,3038,3238,165.840195121525,176.75791698601,99,79,5.40427232292001,4.31250013647152
Baixada Santista,28,13,1831884,297676,229545,4573,2475,249.633710431447,135.106808073,76,79,4.14873430850425,4.31250013647152
Baixada Santista,29,13,1831884,297676,229545,2004,2279,109.395573082138,124.407440645805,107,61,5.8409811974994,3.32990516866789
Baixada Santista,30,13,1831884,297676,229545,3563,1859,194.499215015798,101.480224730387,106,37,5.78639258817698,2.0197785449297
Baixada Santista,31,13,1831884,297676,229545,2587,1876,141.220732317112,102.408231088868,120,41,6.55063311869092,2.2381329822194
Baixada Santista,32,13,1831884,297676,229545,4152,1861,226.651905906706,101.589401949032,108,34,5.89556980682183,1.85601271696243
Baixada Santista,33,13,1831884,297676,229545,3160,1278,172.500005458861,69.7642427140583,102,59,5.56803815088728,3.22072795002304
Baixada Santista,34,13,1831884,297676,229545,2198,1111,119.985763290689,60.6479449572134,69,32,3.76661404324728,1.74683549831758
Baixada Santista,35,13,1831884,297676,229545,1935,1014,105.628959038891,55.3528498529383,75,34,4.09414569918183,1.85601271696243
Baixada Santista,36,13,1831884,297676,229545,1937,1061,105.738136257536,57.9185144910922,50,25,2.72943046612122,1.36471523306061
Baixada Santista,37,13,1831884,297676,229545,1213,980,66.2159831081007,53.4968371359759,40,23,2.18354437289697,1.25553801441576
Baixada Santista,38,13,1831884,297676,229545,1721,860,93.9469966438923,46.9462040172849,72,10,3.93037987121455,0.545886093224243
Baixada Santista,39,13,1831884,297676,229545,1756,647,95.8575979701772,35.3188302316086,77,7,4.20332291782667,0.38212026525697
Baixada Santista,40,13,1831884,297676,229545,1241,485,67.7444641691286,26.4754755213758,32,1,1.74683549831758,0.0545886093224243
Baixada Santista,41,13,1831884,297676,229545,1337,75,72.9849706640813,4.09414569918183,32,0,1.74683549831758,0
Baixada Santista,42,13,1831884,297676,229545,558,7,30.4604440019128,0.38212026525697,10,0,0.545886093224243,0
Barretos,9,16,425090,73090,714082,0,2,0,0.470488602413607,0,0,0,0
Barretos,11,16,425090,73090,714082,0,5,0,1.17622150603402,0,0,0,0
Barretos,12,16,425090,73090,714082,0,9,0,2.11719871086123,0,2,0,0.470488602413607
Barretos,13,16,425090,73090,714082,0,15,0,3.52866451810205,0,0,0,0
Barretos,14,16,425090,73090,714082,0,31,0,7.2925733374109,0,1,0,0.235244301206803
Barretos,15,16,425090,73090,714082,8,29,1.88195440965443,6.82208473499729,0,4,0,0.940977204827213
Barretos,16,16,425090,73090,714082,8,46,1.88195440965443,10.8212378555129,0,1,0,0.235244301206803
Barretos,17,16,425090,73090,714082,17,49,3.99915312051566,11.5269707591334,2,1,0.470488602413607,0.235244301206803
Barretos,18,16,425090,73090,714082,44,67,10.3507492530993,15.7613681808558,1,8,0.235244301206803,1.88195440965443
Barretos,19,16,425090,73090,714082,25,94,5.88110753017008,22.1129643134395,2,4,0.470488602413607,0.940977204827213
Barretos,20,16,425090,73090,714082,84,83,19.7605213013715,19.5252770001647,6,3,1.41146580724082,0.70573290362041
Barretos,21,16,425090,73090,714082,73,118,17.1728339880966,27.7588275424028,3,3,0.70573290362041,0.70573290362041
Barretos,22,16,425090,73090,714082,117,237,27.523583241196,55.7528993860124,4,7,0.940977204827213,1.64671010844762
Barretos,23,16,425090,73090,714082,161,365,37.8743324942953,85.8641699404832,7,12,1.64671010844762,2.82293161448164
Barretos,24,16,425090,73090,714082,205,411,48.2250817473947,96.6854077959961,2,19,0.470488602413607,4.46964172292926
Barretos,25,16,425090,73090,714082,420,487,98.8026065068574,114.563974687713,10,22,2.35244301206803,5.17537462654967
Barretos,26,16,425090,73090,714082,462,453,108.682867157543,106.565668446682,23,17,5.41061892775647,3.99915312051566
Barretos,27,16,425090,73090,714082,395,570,92.9214989766873,134.089251687878,12,20,2.82293161448164,4.70488602413607
Barretos,28,16,425090,73090,714082,521,610,122.562280928744,143.49902373615,12,17,2.82293161448164,3.99915312051566
Barretos,29,16,425090,73090,714082,413,717,97.1558963984098,168.670163965278,22,24,5.17537462654967,5.64586322896328
Barretos,30,16,425090,73090,714082,654,833,153.849772989249,195.958502905267,20,12,4.70488602413607,2.82293161448164
Barretos,31,16,425090,73090,714082,704,1033,165.611988049589,243.007363146628,14,25,3.29342021689525,5.88110753017008
Barretos,32,16,425090,73090,714082,950,959,223.482086146463,225.599284857324,11,18,2.58768731327484,4.23439742172246
Barretos,33,16,425090,73090,714082,1151,1080,270.766190689031,254.063845303348,20,24,4.70488602413607,5.64586322896328
Barretos,34,16,425090,73090,714082,919,821,216.189512809052,193.135571290785,21,20,4.94013032534287,4.70488602413607
Barretos,35,16,425090,73090,714082,1149,825,270.295702086617,194.076548495613,21,15,4.94013032534287,3.52866451810205
Barretos,36,16,425090,73090,714082,1186,717,278.999741231269,168.670163965278,11,14,2.58768731327484,3.29342021689525
Barretos,37,16,425090,73090,714082,759,766,178.550424615964,180.197134724411,19,14,4.46964172292926,3.29342021689525
Barretos,38,16,425090,73090,714082,802,693,188.665929567856,163.024300736315,32,8,7.5278176386177,1.88195440965443
Barretos,39,16,425090,73090,714082,713,462,167.729186760451,108.682867157543,7,9,1.64671010844762,2.11719871086123
Barretos,40,16,425090,73090,714082,740,266,174.080782893034,62.5749841210097,24,2,5.64586322896328,0.470488602413607
Barretos,41,16,425090,73090,714082,528,66,124.208991037192,15.526123879649,10,2,2.35244301206803,0.470488602413607
Barretos,42,16,425090,73090,714082,217,2,51.0480133618763,0.470488602413607,12,0,2.82293161448164,0
Bauru,9,12,1741281,287181,2885579,0,5,0,0.287144923765894,0,0,0,0
Bauru,10,12,1741281,287181,2885579,0,10,0,0.574289847531788,0,0,0,0
Bauru,11,12,1741281,287181,2885579,0,32,0,1.83772751210172,0,0,0,0
Bauru,12,12,1741281,287181,2885579,0,61,0,3.50316806994391,0,5,0,0.287144923765894
Bauru,13,12,1741281,287181,2885579,0,68,0,3.90517096321616,0,10,0,0.574289847531788
Bauru,14,12,1741281,287181,2885579,15,85,0.861434771297683,4.8814637040202,0,9,0,0.51686086277861
Bauru,15,12,1741281,287181,2885579,27,71,1.55058258833583,4.0774579174757,5,4,0.287144923765894,0.229715939012715
Bauru,16,12,1741281,287181,2885579,94,93,5.39832456679881,5.34089558204563,9,8,0.51686086277861,0.459431878025431
Bauru,17,12,1741281,287181,2885579,74,168,4.24974487173523,9.64806943853404,8,8,0.459431878025431,0.459431878025431
Bauru,18,12,1741281,287181,2885579,169,231,9.70549842328722,13.2660954779843,4,12,0.229715939012715,0.689147817038146
Bauru,19,12,1741281,287181,2885579,193,297,11.0837940573635,17.0564084716941,9,16,0.51686086277861,0.918863756050861
Bauru,20,12,1741281,287181,2885579,312,425,17.9178432429918,24.407318520101,11,13,0.631718832284967,0.746576801791325
Bauru,21,12,1741281,287181,2885579,305,483,17.5158403497195,27.7381996357854,15,14,0.861434771297683,0.804005786544504
Bauru,22,12,1741281,287181,2885579,375,755,21.5358692824421,43.35888348865,14,27,0.804005786544504,1.55058258833583
Bauru,23,12,1741281,287181,2885579,625,1046,35.8931154707368,60.0707180518251,15,32,0.861434771297683,1.83772751210172
Bauru,24,12,1741281,287181,2885579,730,1293,41.9231588698206,74.2556772858602,13,28,0.746576801791325,1.60801157308901
Bauru,25,12,1741281,287181,2885579,1049,1500,60.2430050060846,86.1434771297683,21,39,1.20600867981676,2.23973040537397
Bauru,26,12,1741281,287181,2885579,1401,1767,80.4580076392036,101.477016058867,33,26,1.8951564968549,1.49315360358265
Bauru,27,12,1741281,287181,2885579,1362,1989,78.2182772338296,114.226250674073,18,36,1.03372172555722,2.06744345111444
Bauru,28,12,1741281,287181,2885579,1513,2364,86.8900539315596,135.762119956515,24,39,1.37829563407629,2.23973040537397
Bauru,29,12,1741281,287181,2885579,1201,2534,68.9722106885678,145.525047364555,35,49,2.01001446636126,2.81402025290576
Bauru,30,12,1741281,287181,2885579,2952,2791,169.530362991384,160.284296446122,36,42,2.06744345111444,2.41201735963351
Bauru,31,12,1741281,287181,2885579,2823,2257,162.122023958224,129.617218587925,49,35,2.81402025290576,2.01001446636126
Bauru,32,12,1741281,287181,2885579,2857,2124,164.074609439832,121.979163615752,37,39,2.12487243586762,2.23973040537397
Bauru,33,12,1741281,287181,2885579,2674,2172,153.56510523,124.735754883904,46,44,2.64173329864623,2.52687532913987
Bauru,34,12,1741281,287181,2885579,2322,2157,133.350102596881,123.874320112607,30,27,1.72286954259537,1.55058258833583
Bauru,35,12,1741281,287181,2885579,2209,2242,126.860627319772,128.755783816627,37,26,2.12487243586762,1.49315360358265
Bauru,36,12,1741281,287181,2885579,2204,2300,126.573482396006,132.086664932311,43,33,2.46944634438669,1.8951564968549
Bauru,37,12,1741281,287181,2885579,2001,1973,114.915398491111,113.307386918022,33,43,1.8951564968549,2.46944634438669
Bauru,38,12,1741281,287181,2885579,2373,1806,136.278980819293,103.716746464241,26,25,1.49315360358265,1.43572461882947
Bauru,39,12,1741281,287181,2885579,2375,1638,136.3938387888,94.0686770257069,37,10,2.12487243586762,0.574289847531788
Bauru,40,12,1741281,287181,2885579,2010,1169,115.432259353889,67.1344831764661,50,9,2.87144923765894,0.51686086277861
Bauru,41,12,1741281,287181,2885579,2124,278,121.979163615752,15.9652577613837,39,1,2.23973040537397,0.0574289847531788
Bauru,42,12,1741281,287181,2885579,450,28,25.8430431389305,1.60801157308901,12,0,0.689147817038146,0
Campinas,9,3,4562125,691058,876341,0,38,0,0.83294517357591,0,0,0,0
Campinas,10,3,4562125,691058,876341,0,47,0,1.03022166205442,0,1,0,0.021919609830945
Campinas,11,3,4562125,691058,876341,0,164,0,3.59481601227498,0,15,0,0.328794147464175
Campinas,12,3,4562125,691058,876341,3,277,0.065758829492835,6.07173192317177,0,17,0,0.372633367126065
Campinas,13,3,4562125,691058,876341,9,282,0.197276488478505,6.18132997232649,0,25,0,0.547990245773625
Campinas,14,3,4562125,691058,876341,40,315,0.8767843932378,6.90467709674768,5,18,0.109598049154725,0.39455297695701
Campinas,15,3,4562125,691058,876341,139,342,3.04682576650136,7.49650656218319,9,16,0.197276488478505,0.35071375729512
Campinas,16,3,4562125,691058,876341,210,446,4.60311806449845,9.77614598460147,16,31,0.35071375729512,0.679507904759295
Campinas,17,3,4562125,691058,876341,195,603,4.27432391703428,13.2175247280598,27,45,0.591829465435515,0.986382442392525
Campinas,18,3,4562125,691058,876341,421,1105,9.22815573882785,24.2211688631942,21,48,0.460311806449845,1.05214127188536
Campinas,19,3,4562125,691058,876341,571,1189,12.5160972134696,26.0624160889936,32,67,0.70142751459024,1.46861385867332
Campinas,20,3,4562125,691058,876341,871,1568,19.0919801627531,34.3699482149218,27,105,0.591829465435515,2.30155903224923
Campinas,21,3,4562125,691058,876341,1076,1990,23.5855001780968,43.6200235635806,52,131,1.13981971120914,2.8714688878538
Campinas,22,3,4562125,691058,876341,1396,2640,30.5997753239992,57.8677699536948,61,167,1.33709619968765,3.66057484176782
Campinas,23,3,4562125,691058,876341,2272,4535,49.8013535359071,99.4054305833356,92,235,2.01660410444694,5.15110831027208
Campinas,24,3,4562125,691058,876341,2490,5187,54.5798284790531,113.697016193112,106,224,2.32347864208017,4.90999260213168
Campinas,25,3,4562125,691058,876341,4262,6128,93.4213770994876,134.323369044031,167,261,3.66057484176782,5.72101816587665
Campinas,26,3,4562125,691058,876341,5095,6376,111.680412088665,139.759432282105,182,238,3.98936898923199,5.21686713976491
Campinas,27,3,4562125,691058,876341,5300,8068,116.173932104009,176.847412116064,178,275,3.90169054990821,6.02789270350988
Campinas,28,3,4562125,691058,876341,6731,8412,147.540893772091,184.387757897909,212,268,4.64695728416034,5.87445543469326
Campinas,29,3,4562125,691058,876341,5190,8207,113.762775022605,179.894237882566,214,221,4.69079650382223,4.84423377263885
Campinas,30,3,4562125,691058,876341,8576,7830,187.982573910184,171.630544976299,250,202,5.47990245773625,4.42776118585089
Campinas,31,3,4562125,691058,876341,9357,7443,205.101789188152,163.147655971724,231,159,5.0634298709483,3.48521796312026
Campinas,32,3,4562125,691058,876341,9035,6229,198.043674822588,136.537249636956,242,135,5.30454557908869,2.95914732717758
Campinas,33,3,4562125,691058,876341,9907,5625,217.157574595172,123.297805299066,223,136,4.88807299230074,2.98106693700852
Campinas,34,3,4562125,691058,876341,6174,4626,135.331671096254,101.400115077952,181,114,3.96744937940105,2.49883552072773
Campinas,35,3,4562125,691058,876341,6300,4438,138.093541934954,97.2792284297339,159,118,3.48521796312026,2.58651396005151
Campinas,36,3,4562125,691058,876341,5893,3959,129.172260733759,86.7797353207113,166,92,3.63865523193687,2.01660410444694
Campinas,37,3,4562125,691058,876341,3870,3258,84.8288900457572,71.4140888292188,123,63,2.69611200920624,1.38093541934954
Campinas,38,3,4562125,691058,876341,4051,2729,88.7963394251582,59.8186152286489,149,39,3.26602186481081,0.854864783406855
Campinas,39,3,4562125,691058,876341,4062,1957,89.0374551332986,42.8966764391594,123,30,2.69611200920624,0.65758829492835
Campinas,40,3,4562125,691058,876341,2549,1246,55.8730854590788,27.3118338493575,78,19,1.70972956681371,0.416472586787955
Campinas,41,3,4562125,691058,876341,2925,359,64.1148587555141,7.86913992930926,164,2,3.59481601227498,0.04383921966189
Campinas,42,3,4562125,691058,876341,1000,13,21.919609830945,0.284954927802285,27,0,0.591829465435515,0
Franca,9,4,696336,109259,883822,0,1,0,0.143608832517635,0,0,0,0
Franca,11,4,696336,109259,883822,0,1,0,0.143608832517635,0,0,0,0
Franca,12,4,696336,109259,883822,0,6,0,0.861652995105811,0,0,0,0
Franca,13,4,696336,109259,883822,0,9,0,1.29247949265872,0,1,0,0.143608832517635
Franca,14,4,696336,109259,883822,2,8,0.28721766503527,1.14887066014108,0,1,0,0.143608832517635
Franca,15,4,696336,109259,883822,2,10,0.28721766503527,1.43608832517635,0,0,0,0
Franca,16,4,696336,109259,883822,7,13,1.00526182762345,1.86691482272926,0,1,0,0.143608832517635
Franca,17,4,696336,109259,883822,4,30,0.574435330070541,4.30826497552906,0,1,0,0.143608832517635
Franca,18,4,696336,109259,883822,20,53,2.8721766503527,7.61126812343466,2,3,0.28721766503527,0.430826497552905
Franca,19,4,696336,109259,883822,18,59,2.58495898531743,8.47292111854047,1,1,0.143608832517635,0.143608832517635
Franca,20,4,696336,109259,883822,33,54,4.73909147308196,7.7548769559523,1,2,0.143608832517635,0.28721766503527
Franca,21,4,696336,109259,883822,64,80,9.19096528112865,11.4887066014108,0,8,0,1.14887066014108
Franca,22,4,696336,109259,883822,49,138,7.03683279336412,19.8180188874337,2,5,0.28721766503527,0.718044162588176
Franca,23,4,696336,109259,883822,75,225,10.7706624388226,32.3119873164679,5,12,0.718044162588176,1.72330599021162
Franca,24,4,696336,109259,883822,65,252,9.33457411364629,36.1894257944441,3,5,0.430826497552905,0.718044162588176
Franca,25,4,696336,109259,883822,253,403,36.3330346269617,57.874359504607,5,11,0.718044162588176,1.57969715769399
Franca,26,4,696336,109259,883822,317,449,45.5239999080903,64.4803658004182,7,15,1.00526182762345,2.15413248776453
Franca,27,4,696336,109259,883822,226,638,32.4555961489855,91.6224351462512,4,26,0.574435330070541,3.73382964545851
Franca,28,4,696336,109259,883822,516,657,74.1021575790997,94.3510029640863,11,17,1.57969715769399,2.4413501527998
Franca,29,4,696336,109259,883822,367,715,52.7044415339721,102.680315250109,15,19,2.15413248776453,2.72856781783507
Franca,30,4,696336,109259,883822,591,843,84.8728200179224,121.062245812366,15,27,2.15413248776453,3.87743847797615
Franca,31,4,696336,109259,883822,654,859,93.9201764665334,123.359987132649,14,23,2.01052365524689,3.30300314790561
Franca,32,4,696336,109259,883822,1113,948,159.836630592128,136.141173226718,12,22,1.72330599021162,3.15939431538797
Franca,33,4,696336,109259,883822,993,1013,142.603570690012,145.475747340364,30,27,4.30826497552906,3.87743847797615
Franca,34,4,696336,109259,883822,832,806,119.482548654672,115.748719009214,17,24,2.4413501527998,3.44661198042324
Franca,35,4,696336,109259,883822,1021,706,146.624618000506,101.38783575745,19,28,2.72856781783507,4.02104731049378
Franca,36,4,696336,109259,883822,879,827,126.232163783001,118.764504492084,30,20,4.30826497552906,2.8721766503527
Franca,37,4,696336,109259,883822,797,817,114.456239516555,117.328416166908,35,19,5.02630913811723,2.72856781783507
Franca,38,4,696336,109259,883822,1021,765,146.624618000506,109.860756875991,38,22,5.45713563567014,3.15939431538797
Franca,39,4,696336,109259,883822,996,640,143.034397187565,91.9096528112865,19,9,2.72856781783507,1.29247949265872
Franca,40,4,696336,109259,883822,847,463,121.636681142437,66.4908894556651,28,5,4.02104731049378,0.718044162588176
Franca,41,4,696336,109259,883822,867,167,124.50885779279,23.9826750304451,38,1,5.45713563567014,0.143608832517635
Franca,42,4,696336,109259,883822,181,4,25.993198685692,0.574435330070541,4,0,0.574435330070541,0
Grande São Paulo,9,10,21138247,3056864,706660,1,357,0.00473076125943651,1.68888176961883,0,7,0,0.0331153288160556
Grande São Paulo,10,10,21138247,3056864,706660,11,627,0.0520383738538016,2.96618730966669,0,48,0,0.227076540452952
Grande São Paulo,11,10,21138247,3056864,706660,52,2535,0.245999585490698,11.9924797926715,0,216,0,1.02184443203829
Grande São Paulo,12,10,21138247,3056864,706660,265,4336,1.25365173375067,20.5125808209167,9,521,0.0425768513349286,2.46472661616642
Grande São Paulo,13,10,21138247,3056864,706660,821,5598,3.88395499399737,26.4828015303256,57,724,0.269653391787881,3.42507115183203
Grande São Paulo,14,10,21138247,3056864,706660,2967,6937,14.0361686567481,32.8172908567111,177,729,0.837344742920262,3.44872495812921
Grande São Paulo,15,10,21138247,3056864,706660,3403,7407,16.0987805658624,35.0407486486462,257,811,1.21580564367518,3.83664738140301
Grande São Paulo,16,10,21138247,3056864,706660,4443,9690,21.0187722756764,45.8410766039398,349,1021,1.65103567954334,4.83010724588468
Grande São Paulo,17,10,21138247,3056864,706660,5097,12689,24.1126901393479,60.0286296209899,571,1229,2.70126467913825,5.81410558784747
Grande São Paulo,18,10,21138247,3056864,706660,9263,14737,43.8210415461604,69.7172286803158,790,1370,3.73730139495484,6.48114292542802
Grande São Paulo,19,10,21138247,3056864,706660,10244,17451,48.4619183416676,82.5565147384265,876,1460,4.14414686326638,6.9069114387773
Grande São Paulo,20,10,21138247,3056864,706660,12658,19837,59.8819760219473,93.844111103442,924,1474,4.37122340371933,6.97314209640941
Grande São Paulo,21,10,21138247,3056864,706660,14132,22021,66.8551181183567,104.176093694051,1107,1370,5.23695271419621,6.48114292542802
Grande São Paulo,22,10,21138247,3056864,706660,19343,23054,91.5071150412804,109.062970075049,1182,1222,5.59175980865395,5.78099025903141
Grande São Paulo,23,10,21138247,3056864,706660,22404,25666,105.987975256416,121.419718484697,1153,1160,5.45456773213029,5.48768306094635
Grande São Paulo,24,10,21138247,3056864,706660,21034,23838,99.5068323309875,112.771886902447,1163,982,5.50187534472466,4.64560755676665
Grande São Paulo,25,10,21138247,3056864,706660,25257,24410,119.484837129588,115.477882342845,1269,878,6.00333603822493,4.15360838578525
Grande São Paulo,26,10,21138247,3056864,706660,27160,21925,128.487475806296,103.721940613145,1074,738,5.08083759263481,3.49130180946414
Grande São Paulo,27,10,21138247,3056864,706660,24538,26275,116.083419784053,124.300752091694,1092,880,5.16599129530467,4.16306990830413
Grande São Paulo,28,10,21138247,3056864,706660,23287,26206,110.165237448498,123.974329564793,981,799,4.64087679550722,3.77987824628977
Grande São Paulo,29,10,21138247,3056864,706660,21269,23514,100.618561226955,111.23912025439,1033,704,4.88687638099791,3.3304559266433
Grande São Paulo,30,10,21138247,3056864,706660,26657,22622,126.107902892799,107.019281210973,884,673,4.18199295334187,3.18380232760077
Grande São Paulo,31,10,21138247,3056864,706660,32638,21414,154.402585985489,101.304521609573,730,604,3.45345571938865,2.85737980069965
Grande São Paulo,32,10,21138247,3056864,706660,25787,18848,121.992140597089,89.1653882178593,819,486,3.8744934714785,2.29914997208614
Grande São Paulo,33,10,21138247,3056864,706660,33565,16878,158.788001672986,79.8457885367694,835,432,3.95018565162948,2.04368886407657
Grande São Paulo,34,10,21138247,3056864,706660,19343,13797,91.5071150412804,65.2703130964455,756,375,3.576455512134,1.77403547228869
Grande São Paulo,35,10,21138247,3056864,706660,19842,14100,93.8677649097392,66.7037337580548,775,350,3.66633997606329,1.65576644080278
Grande São Paulo,36,10,21138247,3056864,706660,17990,11762,85.1063950572628,55.6432139334922,574,316,2.71545696291656,1.49492055798194
Grande São Paulo,37,10,21138247,3056864,706660,12434,9826,58.8222854998335,46.4844601352231,580,196,2.74384153047317,0.927229206849556
Grande São Paulo,38,10,21138247,3056864,706660,14043,8301,66.4340803662669,39.2700492145825,615,158,2.90941817455345,0.747460278990968
Grande São Paulo,39,10,21138247,3056864,706660,12494,6508,59.1061311753997,30.7877942764128,428,90,2.02476581903883,0.425768513349286
Grande São Paulo,40,10,21138247,3056864,706660,10764,4696,50.9219141965746,22.2156548743138,511,55,2.41741900357206,0.260191869269008
Grande São Paulo,41,10,21138247,3056864,706660,10492,1959,49.6351471340079,9.26756130723612,405,4,1.91595831007179,0.018923045037746
Grande São Paulo,42,10,21138247,3056864,706660,3672,111,17.3713553446509,0.525114499797453,110,0,0.520383738538016,0
Marília,9,5,1109670,200936,1966309,0,4,0,0.360467526381717,0,0,0,0
Marília,10,5,1109670,200936,1966309,0,3,0,0.270350644786288,0,0,0,0
Marília,11,5,1109670,200936,1966309,0,26,0,2.34303892148116,0,1,0,0.0901168815954293
Marília,12,5,1109670,200936,1966309,0,28,0,2.52327268467202,0,2,0,0.180233763190859
Marília,13,5,1109670,200936,1966309,0,26,0,2.34303892148116,0,2,0,0.180233763190859
Marília,14,5,1109670,200936,1966309,2,26,0.180233763190859,2.34303892148116,0,1,0,0.0901168815954293
Marília,15,5,1109670,200936,1966309,9,25,0.811051934358863,2.25292203988573,1,2,0.0901168815954293,0.180233763190859
Marília,16,5,1109670,200936,1966309,20,51,1.80233763190859,4.59596096136689,1,6,0.0901168815954293,0.540701289572576
Marília,17,5,1109670,200936,1966309,19,77,1.71222075031316,6.93899988284805,3,6,0.270350644786288,0.540701289572576
Marília,18,5,1109670,200936,1966309,50,75,4.50584407977146,6.7587661196572,5,5,0.450584407977146,0.450584407977146
Marília,19,5,1109670,200936,1966309,48,87,4.32561031658061,7.84016869880235,3,3,0.270350644786288,0.270350644786288
Marília,20,5,1109670,200936,1966309,98,138,8.83145439635207,12.4361296601692,2,2,0.180233763190859,0.180233763190859
Marília,21,5,1109670,200936,1966309,82,175,7.3895842908252,15.7704542792001,6,4,0.540701289572576,0.360467526381717
Marília,22,5,1109670,200936,1966309,117,213,10.5436751466652,19.1948957798264,2,4,0.180233763190859,0.360467526381717
Marília,23,5,1109670,200936,1966309,164,346,14.7791685816504,31.1804410320185,5,12,0.450584407977146,1.08140257914515
Marília,24,5,1109670,200936,1966309,181,355,16.3111555687727,31.9914929663774,5,15,0.450584407977146,1.35175322393144
Marília,25,5,1109670,200936,1966309,428,582,38.5700253228437,52.4480250885398,7,9,0.630818171168005,0.811051934358863
Marília,26,5,1109670,200936,1966309,470,559,42.3549343498518,50.375336811845,9,15,0.811051934358863,1.35175322393144
Marília,27,5,1109670,200936,1966309,368,753,33.163012427118,67.8580118413582,13,13,1.17151946074058,1.17151946074058
Marília,28,5,1109670,200936,1966309,670,939,60.3783106689376,84.6197518181081,13,31,1.17151946074058,2.79362332945831
Marília,29,5,1109670,200936,1966309,578,867,52.0875575621581,78.1313363432372,12,13,1.08140257914515,1.17151946074058
Marília,30,5,1109670,200936,1966309,953,906,85.8813881604441,81.6458947254589,18,17,1.62210386871773,1.5319869871223
Marília,31,5,1109670,200936,1966309,1009,913,90.9279335297881,82.2767128966269,21,14,1.89245451350401,1.26163634233601
Marília,32,5,1109670,200936,1966309,1011,892,91.108167292979,80.3842583831229,12,12,1.08140257914515,1.08140257914515
Marília,33,5,1109670,200936,1966309,1045,858,94.1721412672236,77.3202844088783,16,12,1.44187010552687,1.08140257914515
Marília,34,5,1109670,200936,1966309,899,748,81.0150765542909,67.4074274333811,16,25,1.44187010552687,2.25292203988573
Marília,35,5,1109670,200936,1966309,955,867,86.061621923635,78.1313363432372,15,20,1.35175322393144,1.80233763190859
Marília,36,5,1109670,200936,1966309,850,813,76.5993493561149,73.265024737084,17,14,1.5319869871223,1.26163634233601
Marília,37,5,1109670,200936,1966309,793,742,71.4626871051754,66.8667261438085,18,15,1.62210386871773,1.35175322393144
Marília,38,5,1109670,200936,1966309,938,782,84.5296349365127,70.4714014076257,24,11,2.1628051582903,0.991285697549722
Marília,39,5,1109670,200936,1966309,750,649,67.587661196572,58.4858561554336,19,7,1.71222075031316,0.630818171168005
Marília,40,5,1109670,200936,1966309,712,531,64.1632196959456,47.8520641271729,9,8,0.811051934358863,0.720935052763434
Marília,41,5,1109670,200936,1966309,864,206,77.8609856984509,18.5640776086584,26,0,2.34303892148116,0
Marília,42,5,1109670,200936,1966309,238,6,21.4478178197122,0.540701289572576,3,0,0.270350644786288,0
Piracicaba,9,11,1539600,244681,790693,0,9,0,0.584567420109119,0,0,0,0
Piracicaba,10,11,1539600,244681,790693,0,5,0,0.3247596778384,0,0,0,0
Piracicaba,11,11,1539600,244681,790693,0,35,0,2.2733177448688,0,3,0,0.19485580670304
Piracicaba,12,11,1539600,244681,790693,0,49,0,3.18264484281632,0,5,0,0.3247596778384
Piracicaba,13,11,1539600,244681,790693,0,49,0,3.18264484281632,0,2,0,0.12990387113536
Piracicaba,14,11,1539600,244681,790693,10,53,0.649519355676799,3.44245258508704,0,4,0,0.25980774227072
Piracicaba,15,11,1539600,244681,790693,15,57,0.974279033515199,3.70226032735776,1,6,0.0649519355676799,0.38971161340608
Piracicaba,16,11,1539600,244681,790693,30,91,1.9485580670304,5.91062613665887,7,10,0.454663548973759,0.649519355676799
Piracicaba,17,11,1539600,244681,790693,49,161,3.18264484281632,10.4572616263965,7,12,0.454663548973759,0.779423226812159
Piracicaba,18,11,1539600,244681,790693,138,225,8.96336710833983,14.614185502728,10,9,0.649519355676799,0.584567420109119
Piracicaba,19,11,1539600,244681,790693,176,274,11.4315406599117,17.7968303455443,4,8,0.25980774227072,0.519615484541439
Piracicaba,20,11,1539600,244681,790693,191,412,12.4058196934269,26.7601974538841,6,24,0.38971161340608,1.55884645362432
Piracicaba,21,11,1539600,244681,790693,260,576,16.8875032475968,37.4123148869836,9,30,0.584567420109119,1.9485580670304
Piracicaba,22,11,1539600,244681,790693,386,807,25.0714471291244,52.4162120031177,10,28,0.649519355676799,1.81865419589504
Piracicaba,23,11,1539600,244681,790693,565,1580,36.6978435957392,102.624058196934,26,69,1.68875032475968,4.48168355416991
Piracicaba,24,11,1539600,244681,790693,787,2133,51.1171732917641,138.542478565861,17,63,1.10418290465056,4.09197194076383
Piracicaba,25,11,1539600,244681,790693,1213,2545,78.7866978435957,165.302676019745,44,87,2.85788516497792,5.65081839438815
Piracicaba,26,11,1539600,244681,790693,1506,2816,97.817614964926,182.904650558587,49,68,3.18264484281632,4.41673161860223
Piracicaba,27,11,1539600,244681,790693,1863,3516,121.005455962588,228.371005455963,46,117,2.98778903611328,7.59937646141855
Piracicaba,28,11,1539600,244681,790693,3071,3389,199.467394128345,220.122109638867,69,89,4.48168355416991,5.78072226552351
Piracicaba,29,11,1539600,244681,790693,2355,3317,152.961808261886,215.445570277994,82,90,5.32605871654975,5.84567420109119
Piracicaba,30,11,1539600,244681,790693,3413,3344,221.680956092492,217.199272538322,83,67,5.39101065211743,4.35177968303455
Piracicaba,31,11,1539600,244681,790693,3553,2529,230.774227071967,164.263445050663,100,58,6.49519355676799,3.76721226292543
Piracicaba,32,11,1539600,244681,790693,2992,2272,194.336191218498,147.570797609769,85,53,5.52091452325279,3.44245258508704
Piracicaba,33,11,1539600,244681,790693,2830,2259,183.813977656534,146.726422447389,71,59,4.61158742530527,3.83216419849311
Piracicaba,34,11,1539600,244681,790693,2337,1992,151.792673421668,129.384255650818,57,51,3.70226032735776,3.31254871395168
Piracicaba,35,11,1539600,244681,790693,2541,1835,165.042868277475,119.186801766693,64,33,4.15692387633151,2.14341387373344
Piracicaba,36,11,1539600,244681,790693,3684,1892,239.282930631333,122.88906209405,75,30,4.87139516757599,1.9485580670304
Piracicaba,37,11,1539600,244681,790693,2570,1810,166.926474408937,117.563003377501,44,25,2.85788516497792,1.623798389192
Piracicaba,38,11,1539600,244681,790693,2342,1733,152.117433099506,112.561704338789,47,21,3.05274097168096,1.36399064692128
Piracicaba,39,11,1539600,244681,790693,2316,1354,150.428682774747,87.9449207586386,47,16,3.05274097168096,1.03923096908288
Piracicaba,40,11,1539600,244681,790693,1686,854,109.508963367108,55.4689529747986,30,8,1.9485580670304,0.519615484541439
Piracicaba,41,11,1539600,244681,790693,1922,369,124.837620161081,23.9672642244739,48,3,3.11769290724864,0.19485580670304
Piracicaba,42,11,1539600,244681,790693,540,10,35.0740452065472,0.649519355676799,10,0,0.649519355676799,0
Presidente Prudente,9,2,752260,133347,1884239,0,1,0,0.132932762608673,0,0,0,0
Presidente Prudente,10,2,752260,133347,1884239,0,3,0,0.398798287826018,0,0,0,0
Presidente Prudente,11,2,752260,133347,1884239,0,10,0,1.32932762608673,0,0,0,0
Presidente Prudente,12,2,752260,133347,1884239,0,24,0,3.19038630260814,0,6,0,0.797596575652035
Presidente Prudente,13,2,752260,133347,1884239,0,34,0,4.51971392869487,0,3,0,0.398798287826018
Presidente Prudente,14,2,752260,133347,1884239,1,24,0.132932762608673,3.19038630260814,1,6,0.132932762608673,0.797596575652035
Presidente Prudente,15,2,752260,133347,1884239,9,33,1.19639486347805,4.38678116608619,5,3,0.664663813043363,0.398798287826018
Presidente Prudente,16,2,752260,133347,1884239,12,61,1.59519315130407,8.10889851912902,2,3,0.265865525217345,0.398798287826018
Presidente Prudente,17,2,752260,133347,1884239,17,75,2.25985696434743,9.96995719565044,4,2,0.53173105043469,0.265865525217345
Presidente Prudente,18,2,752260,133347,1884239,29,94,3.8550501156515,12.4956796852152,1,8,0.132932762608673,1.06346210086938
Presidente Prudente,19,2,752260,133347,1884239,91,84,12.0968813973892,11.1663520591285,7,6,0.930529338260708,0.797596575652035
Presidente Prudente,20,2,752260,133347,1884239,113,92,15.02140217478,12.2298141599979,4,4,0.53173105043469,0.53173105043469
Presidente Prudente,21,2,752260,133347,1884239,73,82,9.7040916704331,10.9004865339111,5,2,0.664663813043363,0.265865525217345
Presidente Prudente,22,2,752260,133347,1884239,56,129,7.44423470608566,17.1483263765188,1,4,0.132932762608673,0.53173105043469
Presidente Prudente,23,2,752260,133347,1884239,117,207,15.5531332252147,27.5170818599952,7,6,0.930529338260708,0.797596575652035
Presidente Prudente,24,2,752260,133347,1884239,112,309,14.8884694121713,41.0762236460798,2,8,0.265865525217345,1.06346210086938
Presidente Prudente,25,2,752260,133347,1884239,170,397,22.5985696434743,52.774306755643,5,12,0.664663813043363,1.59519315130407
Presidente Prudente,26,2,752260,133347,1884239,322,486,42.8043495599926,64.6053226278149,9,18,1.19639486347805,2.39278972695611
Presidente Prudente,27,2,752260,133347,1884239,465,660,61.8137346130327,87.7356233217239,8,25,1.06346210086938,3.32331906521681
Presidente Prudente,28,2,752260,133347,1884239,512,824,68.0615744556403,109.536596389546,10,25,1.32932762608673,3.32331906521681
Presidente Prudente,29,2,752260,133347,1884239,447,890,59.4209448860766,118.310158721719,19,22,2.52572248956478,2.9245207773908
Presidente Prudente,30,2,752260,133347,1884239,854,772,113.524579267806,102.624092733895,18,15,2.39278972695611,1.99399143913009
Presidente Prudente,31,2,752260,133347,1884239,786,735,104.485151410417,97.7055805173743,25,24,3.32331906521681,3.19038630260814
Presidente Prudente,32,2,752260,133347,1884239,989,786,131.470502219977,104.485151410417,19,24,2.52572248956478,3.19038630260814
Presidente Prudente,33,2,752260,133347,1884239,954,758,126.817855528674,100.763034057374,20,20,2.65865525217345,2.65865525217345
Presidente Prudente,34,2,752260,133347,1884239,679,1011,90.2613458112886,134.395022997368,28,23,3.72211735304283,3.05745353999947
Presidente Prudente,35,2,752260,133347,1884239,804,863,106.877941137373,114.720974131284,24,18,3.19038630260814,2.39278972695611
Presidente Prudente,36,2,752260,133347,1884239,1071,765,142.370988753888,101.693563395634,21,19,2.79158801478212,2.52572248956478
Presidente Prudente,37,2,752260,133347,1884239,883,686,117.379629383458,91.1918751495494,14,18,1.86105867652142,2.39278972695611
Presidente Prudente,38,2,752260,133347,1884239,847,641,112.594049929546,85.2099008321591,28,14,3.72211735304283,1.86105867652142
Presidente Prudente,39,2,752260,133347,1884239,800,522,106.346210086938,69.3909020817271,22,12,2.9245207773908,1.59519315130407
Presidente Prudente,40,2,752260,133347,1884239,703,245,93.4517321138968,32.5685268391248,22,2,2.9245207773908,0.265865525217345
Presidente Prudente,41,2,752260,133347,1884239,576,95,76.5692712625954,12.6286124478239,13,1,1.72812591391274,0.132932762608673
Presidente Prudente,42,2,752260,133347,1884239,203,1,26.9853508095605,0.132932762608673,9,0,1.19639486347805,0
Registro,10,9,278754,44092,916920,0,1,0,0.358739246791077,0,0,0,0
Registro,11,9,278754,44092,916920,0,4,0,1.43495698716431,0,0,0,0
Registro,12,9,278754,44092,916920,0,8,0,2.86991397432862,0,0,0,0
Registro,13,9,278754,44092,916920,0,13,0,4.66361020828401,0,0,0,0
Registro,14,9,278754,44092,916920,1,29,0.358739246791077,10.4034381569412,0,3,0,1.07621774037323
Registro,15,9,278754,44092,916920,12,61,4.30487096149293,21.8830940542557,0,6,0,2.15243548074646
Registro,16,9,278754,44092,916920,10,44,3.58739246791077,15.7845268588074,2,6,0.717478493582155,2.15243548074646
Registro,17,9,278754,44092,916920,28,74,10.0446989101502,26.5467042625397,5,1,1.79369623395539,0.358739246791077
Registro,18,9,278754,44092,916920,38,47,13.6320913780609,16.8607445991806,2,0,0.717478493582155,0
Registro,19,9,278754,44092,916920,85,86,30.4928359772416,30.8515752240327,2,3,0.717478493582155,1.07621774037323
Registro,20,9,278754,44092,916920,65,151,23.31805104142,54.1696262654527,0,5,0,1.79369623395539
Registro,21,9,278754,44092,916920,139,113,49.8647553039598,40.5375348873918,3,6,1.07621774037323,2.15243548074646
Registro,22,9,278754,44092,916920,100,108,35.8739246791077,38.7438386534364,4,6,1.43495698716431,2.15243548074646
Registro,23,9,278754,44092,916920,117,170,41.9724918745561,60.9856719544832,2,3,0.717478493582155,1.07621774037323
Registro,24,9,278754,44092,916920,103,195,36.950142419481,69.9541531242601,8,5,2.86991397432862,1.79369623395539
Registro,25,9,278754,44092,916920,186,293,66.7254999031404,105.110599309786,7,6,2.51117472753754,2.15243548074646
Registro,26,9,278754,44092,916920,192,367,68.8779353838869,131.657303572325,2,13,0.717478493582155,4.66361020828401
Registro,27,9,278754,44092,916920,265,563,95.0659003996355,201.970195943377,4,10,1.43495698716431,3.58739246791077
Registro,28,9,278754,44092,916920,355,730,127.352432610832,261.879650157487,1,17,0.358739246791077,6.09856719544832
Registro,29,9,278754,44092,916920,257,680,92.1959864253069,243.942687817933,5,10,1.79369623395539,3.58739246791077
Registro,30,9,278754,44092,916920,766,695,274.794263041965,249.323776519799,13,13,4.66361020828401,4.66361020828401
Registro,31,9,278754,44092,916920,777,491,278.740394756667,176.140970174419,12,15,4.30487096149293,5.38108870186616
Registro,32,9,278754,44092,916920,800,466,286.991397432862,167.172489004642,18,7,6.45730644223939,2.51117472753754
Registro,33,9,278754,44092,916920,573,307,205.557588411287,110.132948764861,17,6,6.09856719544832,2.15243548074646
Registro,34,9,278754,44092,916920,445,247,159.638964822029,88.6085939573961,8,6,2.86991397432862,2.15243548074646
Registro,35,9,278754,44092,916920,390,226,139.90830624852,81.0750697747835,8,3,2.86991397432862,1.07621774037323
Registro,36,9,278754,44092,916920,225,237,80.7163305279924,85.0212014894853,10,11,3.58739246791077,3.94613171470185
Registro,37,9,278754,44092,916920,269,269,96.5008573867998,96.5008573867998,9,6,3.2286532211197,2.15243548074646
Registro,38,9,278754,44092,916920,243,226,87.1736369702318,81.0750697747835,13,3,4.66361020828401,1.07621774037323
Registro,39,9,278754,44092,916920,246,193,88.249854710605,69.2366746306779,10,2,3.58739246791077,0.717478493582155
Registro,40,9,278754,44092,916920,266,105,95.4246396464266,37.6676209130631,5,3,1.79369623395539,1.07621774037323
Registro,41,9,278754,44092,916920,217,23,77.8464165536638,8.25100267619478,3,0,1.07621774037323,0
Ribeirão Preto,9,1,1477530,229123,1021508,0,4,0,0.270722083477154,0,0,0,0
Ribeirão Preto,10,1,1477530,229123,1021508,0,9,0,0.609124687823598,0,0,0,0
Ribeirão Preto,11,1,1477530,229123,1021508,0,23,0,1.55665197999364,0,1,0,0.0676805208692886
Ribeirão Preto,12,1,1477530,229123,1021508,0,67,0,4.53459489824234,0,4,0,0.270722083477154
Ribeirão Preto,13,1,1477530,229123,1021508,3,79,0.203041562607866,5.3467611486738,1,9,0.0676805208692886,0.609124687823598
Ribeirão Preto,14,1,1477530,229123,1021508,27,104,1.82737406347079,7.03877417040602,2,8,0.135361041738577,0.541444166954309
Ribeirão Preto,15,1,1477530,229123,1021508,21,69,1.42129093825506,4.66995593998091,4,3,0.270722083477154,0.203041562607866
Ribeirão Preto,16,1,1477530,229123,1021508,73,86,4.94067802345807,5.82052479475882,4,4,0.270722083477154,0.270722083477154
Ribeirão Preto,17,1,1477530,229123,1021508,36,86,2.43649875129439,5.82052479475882,7,7,0.47376364608502,0.47376364608502
Ribeirão Preto,18,1,1477530,229123,1021508,64,141,4.33155333563447,9.54295344256969,6,9,0.406083125215732,0.609124687823598
Ribeirão Preto,19,1,1477530,229123,1021508,206,196,13.9421872990735,13.2653820903806,1,8,0.0676805208692886,0.541444166954309
Ribeirão Preto,20,1,1477530,229123,1021508,187,377,12.656257402557,25.5155563677218,11,13,0.744485729562175,0.879846771300752
Ribeirão Preto,21,1,1477530,229123,1021508,247,523,16.7170886547143,35.3969124146379,7,22,0.47376364608502,1.48897145912435
Ribeirão Preto,22,1,1477530,229123,1021508,338,873,22.8760160538196,59.085094718889,10,45,0.676805208692886,3.04562343911799
Ribeirão Preto,23,1,1477530,229123,1021508,588,1581,39.7961462711417,107.002903494345,17,62,1.15056885477791,4.19619229389589
Ribeirão Preto,24,1,1477530,229123,1021508,761,1834,51.5048763815286,124.126075274275,33,73,2.23345718868652,4.94067802345807
Ribeirão Preto,25,1,1477530,229123,1021508,1109,2285,75.0576976440411,154.649990186324,48,80,3.24866500172585,5.41444166954309
Ribeirão Preto,26,1,1477530,229123,1021508,1673,2377,113.22951141432,160.876598106299,60,85,4.06083125215732,5.75284427388953
Ribeirão Preto,27,1,1477530,229123,1021508,1799,2993,121.75725704385,202.567798961781,64,119,4.33155333563447,8.05398198344534
Ribeirão Preto,28,1,1477530,229123,1021508,2876,3203,194.649178020074,216.780708344331,70,110,4.7376364608502,7.44485729562175
Ribeirão Preto,29,1,1477530,229123,1021508,2384,2956,161.350361752384,200.063619689617,85,100,5.75284427388953,6.76805208692886
Ribeirão Preto,30,1,1477530,229123,1021508,3209,2525,217.186791469547,170.893315194954,102,86,6.90341312866744,5.82052479475882
Ribeirão Preto,31,1,1477530,229123,1021508,3048,2503,206.290227609592,169.404343735829,80,81,5.41444166954309,5.48212219041238
Ribeirão Preto,32,1,1477530,229123,1021508,2755,2266,186.45983499489,153.364060289808,113,73,7.64789885822961,4.94067802345807
Ribeirão Preto,33,1,1477530,229123,1021508,3077,2303,208.252962714801,155.868239561972,85,69,5.75284427388953,4.66995593998091
Ribeirão Preto,34,1,1477530,229123,1021508,2396,1918,162.162528002816,129.811239027296,89,71,6.02356635736669,4.80531698171949
Ribeirão Preto,35,1,1477530,229123,1021508,2327,1920,157.492572062835,129.946600069034,61,50,4.1285117730266,3.38402604346443
Ribeirão Preto,36,1,1477530,229123,1021508,2545,1875,172.24692561234,126.900976629916,85,61,5.75284427388953,4.1285117730266
Ribeirão Preto,37,1,1477530,229123,1021508,1897,1915,128.389948089041,129.608197464688,65,49,4.39923385650376,3.31634552259514
Ribeirão Preto,38,1,1477530,229123,1021508,2060,1640,139.421872990735,110.996054225633,73,47,4.94067802345807,3.18098448085656
Ribeirão Preto,39,1,1477530,229123,1021508,1892,1603,128.051545484694,108.49187495347,59,21,3.99315073128803,1.42129093825506
Ribeirão Preto,40,1,1477530,229123,1021508,1987,729,134.481194967276,49.3390997137114,67,10,4.53459489824234,0.676805208692886
Ribeirão Preto,41,1,1477530,229123,1021508,1637,188,110.793012663025,12.7239379234263,54,0,3.65474812694158,0
Ribeirão Preto,42,1,1477530,229123,1021508,237,11,16.0402834460214,0.744485729562175,17,0,1.15056885477791,0
São João da Boa Vista,9,14,809836,142699,763971,0,1,0,0.123481791375044,0,0,0,0
São João da Boa Vista,10,14,809836,142699,763971,0,4,0,0.493927165500175,0,0,0,0
São João da Boa Vista,11,14,809836,142699,763971,0,8,0,0.987854331000351,0,0,0,0
São João da Boa Vista,12,14,809836,142699,763971,0,21,0,2.59311761887592,0,1,0,0.123481791375044
São João da Boa Vista,13,14,809836,142699,763971,0,22,0,2.71659941025096,0,1,0,0.123481791375044
São João da Boa Vista,14,14,809836,142699,763971,3,31,0.370445374125132,3.82793553262636,0,3,0,0.370445374125132
São João da Boa Vista,15,14,809836,142699,763971,9,20,1.11133612237539,2.46963582750088,2,3,0.246963582750088,0.370445374125132
São João da Boa Vista,16,14,809836,142699,763971,21,22,2.59311761887592,2.71659941025096,3,4,0.370445374125132,0.493927165500175
São João da Boa Vista,17,14,809836,142699,763971,17,22,2.09919045337575,2.71659941025096,0,2,0,0.246963582750088
São João da Boa Vista,18,14,809836,142699,763971,44,49,5.43319882050193,6.05060777737715,2,0,0.246963582750088,0
São João da Boa Vista,19,14,809836,142699,763971,33,92,4.07489911537645,11.360324806504,4,11,0.493927165500175,1.35829970512548
São João da Boa Vista,20,14,809836,142699,763971,42,132,5.18623523775184,16.2995964615058,3,6,0.370445374125132,0.740890748250263
São João da Boa Vista,21,14,809836,142699,763971,77,160,9.50809793587838,19.757086620007,6,11,0.740890748250263,1.35829970512548
São João da Boa Vista,22,14,809836,142699,763971,155,227,19.1396776631318,28.030366642135,3,13,0.370445374125132,1.60526328787557
São João da Boa Vista,23,14,809836,142699,763971,142,277,17.5344143752562,34.2044562108871,2,12,0.246963582750088,1.48178149650053
São João da Boa Vista,24,14,809836,142699,763971,144,373,17.7813779580063,46.0587081828914,9,11,1.11133612237539,1.35829970512548
São João da Boa Vista,25,14,809836,142699,763971,270,449,33.3400836712618,55.4433243273947,14,12,1.72874507925061,1.48178149650053
São João da Boa Vista,26,14,809836,142699,763971,476,573,58.7773326945209,70.7550664579001,10,21,1.23481791375044,2.59311761887592
São João da Boa Vista,27,14,809836,142699,763971,319,864,39.390691448639,106.688267748038,8,17,0.987854331000351,2.09919045337575
São João da Boa Vista,28,14,809836,142699,763971,556,1033,68.6558760045244,127.55669049042,14,28,1.72874507925061,3.45749015850123
São João da Boa Vista,29,14,809836,142699,763971,550,1075,67.9149852562741,132.742925728172,20,27,2.46963582750088,3.33400836712618
São João da Boa Vista,30,14,809836,142699,763971,999,996,123.358309583669,122.987864209544,20,25,2.46963582750088,3.0870447843761
São João da Boa Vista,31,14,809836,142699,763971,1409,936,173.985844047437,115.578956727041,23,19,2.84008120162601,2.34615403612583
São João da Boa Vista,32,14,809836,142699,763971,886,893,109.404867158289,110.269239697914,30,13,3.70445374125131,1.60526328787557
São João da Boa Vista,33,14,809836,142699,763971,1041,1071,128.544544821421,132.248998562672,11,24,1.35829970512548,2.96356299300105
São João da Boa Vista,34,14,809836,142699,763971,1113,860,137.435233800424,106.194340582538,23,17,2.84008120162601,2.09919045337575
São João da Boa Vista,35,14,809836,142699,763971,1004,804,123.975718540544,99.2793602655352,21,10,2.59311761887592,1.23481791375044
São João da Boa Vista,36,14,809836,142699,763971,973,790,120.147783007918,97.5506151862846,16,11,1.9757086620007,1.35829970512548
São João da Boa Vista,37,14,809836,142699,763971,770,798,95.0809793587838,98.538469517285,13,13,1.60526328787557,1.60526328787557
São João da Boa Vista,38,14,809836,142699,763971,896,758,110.639685072039,93.5991978622832,13,11,1.60526328787557,1.35829970512548
São João da Boa Vista,39,14,809836,142699,763971,972,705,120.024301216543,87.0546629194059,15,2,1.85222687062566,0.246963582750088
São João da Boa Vista,40,14,809836,142699,763971,713,506,88.0425172504062,62.4817864357722,23,2,2.84008120162601,0.246963582750088
São João da Boa Vista,41,14,809836,142699,763971,899,137,111.010130446164,16.917005418381,20,0,2.46963582750088,0
São João da Boa Vista,42,14,809836,142699,763971,225,6,27.7834030593849,0.740890748250263,2,0,0.246963582750088,0
São José do Rio Preto,9,15,1570421,291350,2200037,0,13,0,0.827803499825843,0,0,0,0
São José do Rio Preto,10,15,1570421,291350,2200037,0,8,0,0.509417538354365,0,0,0,0
São José do Rio Preto,11,15,1570421,291350,2200037,0,35,0,2.22870173030035,0,1,0,0.0636771922942956
São José do Rio Preto,12,15,1570421,291350,2200037,1,52,0.0636771922942956,3.31121399930337,0,6,0,0.382063153765774
São José do Rio Preto,13,15,1570421,291350,2200037,0,58,0,3.69327715306915,0,3,0,0.191031576882887
São José do Rio Preto,14,15,1570421,291350,2200037,11,69,0.700449115237252,4.3937262683064,0,3,0,0.191031576882887
São José do Rio Preto,15,15,1570421,291350,2200037,50,53,3.18385961471478,3.37489119159767,3,4,0.191031576882887,0.254708769177182
São José do Rio Preto,16,15,1570421,291350,2200037,52,70,3.31121399930337,4.45740346060069,3,3,0.191031576882887,0.191031576882887
São José do Rio Preto,17,15,1570421,291350,2200037,21,136,1.33722103818021,8.6600981520242,5,4,0.318385961471478,0.254708769177182
São José do Rio Preto,18,15,1570421,291350,2200037,71,287,4.52108065289499,18.2753541884628,1,12,0.0636771922942956,0.764126307531547
São José do Rio Preto,19,15,1570421,291350,2200037,163,271,10.3793823439702,17.2565191117541,4,21,0.254708769177182,1.33722103818021
São José do Rio Preto,20,15,1570421,291350,2200037,308,301,19.612575226643,19.166834880583,15,16,0.955157884414434,1.01883507670873
São José do Rio Preto,21,15,1570421,291350,2200037,371,435,23.6242383411837,27.6995786480186,13,24,0.827803499825843,1.52825261506309
São José do Rio Preto,22,15,1570421,291350,2200037,345,731,21.968631341532,46.5480275671301,10,34,0.636771922942956,2.16502453800605
São José do Rio Preto,23,15,1570421,291350,2200037,494,1340,31.456532993382,85.3274376743561,19,56,1.20986665359162,3.56592276848055
São José do Rio Preto,24,15,1570421,291350,2200037,998,1640,63.549837909707,104.430595362645,32,67,2.03767015341746,4.26637188371781
São José do Rio Preto,25,15,1570421,291350,2200037,1304,2027,83.0350587517615,129.073668780537,43,69,2.73811926865471,4.3937262683064
São José do Rio Preto,26,15,1570421,291350,2200037,1756,2544,111.817149668783,161.994777196688,42,79,2.67444207636042,5.03049819124935
São José do Rio Preto,27,15,1570421,291350,2200037,1875,3639,119.394735551804,231.721302758942,66,118,4.20269469142351,7.51390869072688
São José do Rio Preto,28,15,1570421,291350,2200037,3164,4234,201.474636419151,269.609232174048,78,91,4.96682099895506,5.7946244987809
São José do Rio Preto,29,15,1570421,291350,2200037,2886,4627,183.772376961337,294.634368745706,86,119,5.47623853730942,7.57758588302118
São José do Rio Preto,30,15,1570421,291350,2200037,4565,4907,290.686382823459,312.463982588109,94,129,5.98565607566379,8.21435780596413
São José do Rio Preto,31,15,1570421,291350,2200037,4485,4540,285.592207439916,289.094453016102,100,106,6.36771922942956,6.74978238319533
São José do Rio Preto,32,15,1570421,291350,2200037,6256,4398,398.364514993113,280.052291710312,94,111,5.98565607566379,7.06816834466681
São José do Rio Preto,33,15,1570421,291350,2200037,5011,4942,319.086410586715,314.692684318409,99,124,6.30404203713526,7.89597184449265
São José do Rio Preto,34,15,1570421,291350,2200037,4490,3848,285.910593401387,245.029835948449,125,83,7.95964903678695,5.28520696042654
São José do Rio Preto,35,15,1570421,291350,2200037,4302,3387,273.93928125006,215.674650300779,94,71,5.98565607566379,4.52108065289499
São José do Rio Preto,36,15,1570421,291350,2200037,4027,3219,256.428053369128,204.976881995338,122,89,7.76861745990406,5.66727011419231
São José do Rio Preto,37,15,1570421,291350,2200037,3215,3074,204.72217322616,195.743689112665,109,81,6.94081396007822,5.15785257583794
São José do Rio Preto,38,15,1570421,291350,2200037,3207,2923,204.212755687806,186.128433076226,100,62,6.36771922942956,3.94798592224633
São José do Rio Preto,39,15,1570421,291350,2200037,3550,2570,226.054032644749,163.65038419634,72,63,4.58475784518928,4.01166311454062
São José do Rio Preto,40,15,1570421,291350,2200037,2911,1749,185.364306768695,111.371409322723,94,25,5.98565607566379,1.59192980735739
São José do Rio Preto,41,15,1570421,291350,2200037,2393,674,152.379521160249,42.9184276063552,113,6,7.1955227292554,0.382063153765774
São José do Rio Preto,42,15,1570421,291350,2200037,1073,27,68.3256273317792,1.71928419194598,44,0,2.80179646094901,0
Sorocaba,9,6,2461760,357613,2318427,0,12,0,0.487456128948395,0,0,0,0
Sorocaba,10,6,2461760,357613,2318427,0,13,0,0.528077473027428,0,0,0,0
Sorocaba,11,6,2461760,357613,2318427,0,25,0,1.01553360197582,0,1,0,0.0406213440790329
Sorocaba,12,6,2461760,357613,2318427,0,78,0,3.16846483816457,0,7,0,0.28434940855323
Sorocaba,13,6,2461760,357613,2318427,2,89,0.0812426881580658,3.61529962303393,0,14,0,0.56869881710646
Sorocaba,14,6,2461760,357613,2318427,12,103,0.487456128948395,4.18399844014039,2,9,0.0812426881580658,0.365592096711296
Sorocaba,15,6,2461760,357613,2318427,35,79,1.42174704276615,3.2090861822436,1,3,0.0406213440790329,0.121864032237099
Sorocaba,16,6,2461760,357613,2318427,54,162,2.19355258026778,6.58065774080333,8,17,0.324970752632263,0.690562849343559
Sorocaba,17,6,2461760,357613,2318427,81,216,3.29032887040166,8.7742103210711,11,13,0.446834784869362,0.528077473027428
Sorocaba,18,6,2461760,357613,2318427,159,457,6.45879370856623,18.563954244118,10,30,0.406213440790329,1.21864032237099
Sorocaba,19,6,2461760,357613,2318427,250,586,10.1553360197582,23.8041076303133,13,33,0.528077473027428,1.34050435460809
Sorocaba,20,6,2461760,357613,2318427,462,685,18.7670609645132,27.8256206941375,16,39,0.649941505264526,1.58423241908228
Sorocaba,21,6,2461760,357613,2318427,537,731,21.8136617704407,29.694202521773,29,43,1.17801897829195,1.74671779539841
Sorocaba,22,6,2461760,357613,2318427,642,949,26.0789028987391,38.5496555310022,24,50,0.974912257896789,2.03106720395164
Sorocaba,23,6,2461760,357613,2318427,834,1457,33.8782009619134,59.1852983231509,33,65,1.34050435460809,2.64038736513714
Sorocaba,24,6,2461760,357613,2318427,604,1823,24.5352918237359,74.0527102560769,34,61,1.38112569868712,2.47790198882101
Sorocaba,25,6,2461760,357613,2318427,1344,2966,54.5950864422202,120.482906538412,58,67,2.35603795658391,2.7216300532952
Sorocaba,26,6,2461760,357613,2318427,2491,2365,101.187768100871,96.0694787469128,63,71,2.55914467697907,2.88411542961133
Sorocaba,27,6,2461760,357613,2318427,2657,2893,107.93091121799,117.517548420642,55,77,2.23417392434681,3.12784349408553
Sorocaba,28,6,2461760,357613,2318427,2533,2956,102.89386455219,120.076693097621,62,78,2.51852333290004,3.16846483816457
Sorocaba,29,6,2461760,357613,2318427,2097,2992,85.182958533732,121.539061484466,63,62,2.55914467697907,2.51852333290004
Sorocaba,30,6,2461760,357613,2318427,3509,2785,142.540296373326,113.130443260107,89,57,3.61529962303393,2.31541661250487
Sorocaba,31,6,2461760,357613,2318427,3355,2616,136.284609385155,106.26543611075,73,53,2.9653581177694,2.15293123618874
Sorocaba,32,6,2461760,357613,2318427,3069,2792,124.666904978552,113.41479266866,58,58,2.35603795658391,2.35603795658391
Sorocaba,33,6,2461760,357613,2318427,3276,2101,133.075523202912,85.3454439100481,50,52,2.03106720395164,2.11230989210971
Sorocaba,34,6,2461760,357613,2318427,2300,1920,93.4290913817756,77.9929806317431,60,29,2.43728064474197,1.17801897829195
Sorocaba,35,6,2461760,357613,2318427,2169,1896,88.1076953074223,77.0180683738463,51,28,2.07168854803068,1.13739763421292
Sorocaba,36,6,2461760,357613,2318427,3392,1848,137.78759911608,75.0682438580528,47,37,1.90920317171455,1.50298973092422
Sorocaba,37,6,2461760,357613,2318427,1854,1828,75.311971922527,74.2558169764721,43,31,1.74671779539841,1.25926166645002
Sorocaba,38,6,2461760,357613,2318427,1744,1399,70.8436240738334,56.829260366567,41,20,1.66547510724035,0.812426881580658
Sorocaba,39,6,2461760,357613,2318427,2046,1149,83.1112699857013,46.6739243468088,47,18,1.90920317171455,0.731184193422592
Sorocaba,40,6,2461760,357613,2318427,1482,727,60.2008319251267,29.5317171454569,48,6,1.94982451579358,0.243728064474197
Sorocaba,41,6,2461760,357613,2318427,1337,212,54.310737033667,8.61172494475497,26,0,1.05615494605486,0
Sorocaba,42,6,2461760,357613,2318427,506,11,20.5544001039906,0.446834784869362,14,0,0.56869881710646,0
Taubaté,9,17,2489629,374456,1365929,0,23,0,0.923832426437835,0,0,0,0
Taubaté,10,17,2489629,374456,1365929,0,13,0,0.522166154073559,0,0,0,0
Taubaté,11,17,2489629,374456,1365929,0,56,0,2.24933112523995,0,1,0,0.0401666272364276
Taubaté,12,17,2489629,374456,1365929,2,138,0.0803332544728552,5.54299455862701,0,7,0,0.281166390654993
Taubaté,13,17,2489629,374456,1365929,5,180,0.200833136182138,7.22999290255697,0,11,0,0.441832899600704
Taubaté,14,17,2489629,374456,1365929,24,147,0.963999053674262,5.90449420375486,1,6,0.0401666272364276,0.240999763418566
Taubaté,15,17,2489629,374456,1365929,77,152,3.09283029720492,6.10532733993699,3,10,0.120499881709283,0.401666272364276
Taubaté,16,17,2489629,374456,1365929,95,139,3.81582958746062,5.58316118586344,6,7,0.240999763418566,0.281166390654993
Taubaté,17,17,2489629,374456,1365929,82,209,3.29366343338706,8.39482509241337,4,10,0.16066650894571,0.401666272364276
Taubaté,18,17,2489629,374456,1365929,220,356,8.83665799201407,14.2993192961682,14,15,0.562332781309986,0.602499408546414
Taubaté,19,17,2489629,374456,1365929,290,437,11.648321898564,17.5528161023189,11,25,0.441832899600704,1.00416568091069
Taubaté,20,17,2489629,374456,1365929,298,565,11.9696549164554,22.6941443885816,6,25,0.240999763418566,1.00416568091069
Taubaté,21,17,2489629,374456,1365929,496,716,19.9226471092681,28.7593051012822,18,34,0.722999290255697,1.36566532603854
Taubaté,22,17,2489629,374456,1365929,523,774,21.0071460446516,31.088969480995,16,39,0.642666035782842,1.56649846222068
Taubaté,23,17,2489629,374456,1365929,627,1169,25.1844752772401,46.9547872393839,26,52,1.04433230814712,2.08866461629423
Taubaté,24,17,2489629,374456,1365929,754,1377,30.2856369362664,55.3094457045608,26,51,1.04433230814712,2.04849798905781
Taubaté,25,17,2489629,374456,1365929,1083,1738,43.5004572970511,69.8095981369112,38,57,1.52633183498425,2.28949775247637
Taubaté,26,17,2489629,374456,1365929,1461,2066,58.6834423924207,82.9842518704594,31,82,1.24516544432926,3.29366343338706
Taubaté,27,17,2489629,374456,1365929,1438,2657,57.7596099659829,106.722728567188,46,95,1.84766485287567,3.81582958746062
Taubaté,28,17,2489629,374456,1365929,1679,3236,67.4397671299619,129.97920573708,36,102,1.44599858051139,4.09699597811561
Taubaté,29,17,2489629,374456,1365929,1691,3556,67.9217666567991,142.832526452737,88,88,3.53466319680563,3.53466319680563
Taubaté,30,17,2489629,374456,1365929,3058,3718,122.829546088996,149.339520065038,98,78,3.9363294691699,3.13299692444135
Taubaté,31,17,2489629,374456,1365929,3511,3183,141.025028227097,127.850374493549,67,102,2.69116402484065,4.09699597811561
Taubaté,32,17,2489629,374456,1365929,4072,3115,163.558506106733,125.119043841472,83,80,3.33383006062349,3.21333017891421
Taubaté,33,17,2489629,374456,1365929,3909,3007,157.011345867195,120.781048099938,83,67,3.33383006062349,2.69116402484065
Taubaté,34,17,2489629,374456,1365929,3055,2678,122.709046207286,107.566227739153,103,46,4.13716260535204,1.84766485287567
Taubaté,35,17,2489629,374456,1365929,3208,2743,128.85454017446,110.177058509521,85,56,3.41416331509635,2.24933112523995
Taubaté,36,17,2489629,374456,1365929,2965,2335,119.094049756008,93.7890745970584,55,41,2.20916449800352,1.64683171669353
Taubaté,37,17,2489629,374456,1365929,2460,2048,98.8099030016119,82.2612525802037,66,39,2.65099739760422,1.56649846222068
Taubaté,38,17,2489629,374456,1365929,2869,1501,115.238053541311,60.2901074818778,60,17,2.40999763418566,0.682832663019269
Taubaté,39,17,2489629,374456,1365929,2456,1156,98.6492364926662,46.4326210853103,98,15,3.9363294691699,0.602499408546414
Taubaté,40,17,2489629,374456,1365929,2085,658,83.7474177879515,26.4296407215694,41,7,1.64683171669353,0.281166390654993
Taubaté,41,17,2489629,374456,1365929,1669,202,67.0381008575977,8.11365870175838,38,0,1.52633183498425,0
Taubaté,42,17,2489629,374456,1365929,417,17,16.7494835575903,0.682832663019269,18,0,0.722999290255697,0
