"data";"tot.pass";"semana";"semana.num";"semana.dia1";"ano"
2019-01-05;4460022;"2019-W01";1;2018-12-30;"2019"
2019-01-05;4460022;"2019-W01";1;2018-12-30;"2019"
2019-01-06;2871400;"2019-W02";2;2019-01-06;"2019"
2019-01-07;7841451;"2019-W02";2;2019-01-06;"2019"
2019-01-08;7670794;"2019-W02";2;2019-01-06;"2019"
2019-01-09;8149560;"2019-W02";2;2019-01-06;"2019"
2019-01-10;8062619;"2019-W02";2;2019-01-06;"2019"
2019-01-11;7879784;"2019-W02";2;2019-01-06;"2019"
2019-01-12;5170220;"2019-W02";2;2019-01-06;"2019"
2019-01-13;2858510;"2019-W03";3;2019-01-13;"2019"
2019-01-14;7826329;"2019-W03";3;2019-01-13;"2019"
2019-01-15;8132682;"2019-W03";3;2019-01-13;"2019"
2019-01-16;8098925;"2019-W03";3;2019-01-13;"2019"
2019-01-17;8063455;"2019-W03";3;2019-01-13;"2019"
2019-01-18;8074793;"2019-W03";3;2019-01-13;"2019"
2019-01-19;5213845;"2019-W03";3;2019-01-13;"2019"
2019-01-20;2969429;"2019-W04";4;2019-01-20;"2019"
2019-01-21;8019052;"2019-W04";4;2019-01-20;"2019"
2019-01-22;8161893;"2019-W04";4;2019-01-20;"2019"
2019-01-23;8220614;"2019-W04";4;2019-01-20;"2019"
2019-01-24;7487838;"2019-W04";4;2019-01-20;"2019"
2019-01-25;3232068;"2019-W04";4;2019-01-20;"2019"
2019-01-26;4044156;"2019-W04";4;2019-01-20;"2019"
2019-01-27;2889023;"2019-W05";5;2019-01-27;"2019"
2019-01-28;8173408;"2019-W05";5;2019-01-27;"2019"
2019-01-29;8212882;"2019-W05";5;2019-01-27;"2019"
2019-01-30;8396625;"2019-W05";5;2019-01-27;"2019"
2019-01-31;8477142;"2019-W05";5;2019-01-27;"2019"
2019-02-01;8565761;"2019-W05";5;2019-01-27;"2019"
2019-02-02;5332887;"2019-W05";5;2019-01-27;"2019"
2019-02-03;2872336;"2019-W06";6;2019-02-03;"2019"
2019-02-04;7424481;"2019-W06";6;2019-02-03;"2019"
2019-02-05;2796390;"2019-W06";6;2019-02-03;"2019"
2019-02-06;8103584;"2019-W06";6;2019-02-03;"2019"
2019-02-07;9305889;"2019-W06";6;2019-02-03;"2019"
2019-02-08;9208158;"2019-W06";6;2019-02-03;"2019"
2019-02-09;5670440;"2019-W06";6;2019-02-03;"2019"
2019-02-10;3193049;"2019-W07";7;2019-02-10;"2019"
2019-02-11;9187744;"2019-W07";7;2019-02-10;"2019"
2019-02-12;9121428;"2019-W07";7;2019-02-10;"2019"
2019-02-13;8969314;"2019-W07";7;2019-02-10;"2019"
2019-02-14;9201135;"2019-W07";7;2019-02-10;"2019"
2019-02-15;8836979;"2019-W07";7;2019-02-10;"2019"
2019-02-16;4808622;"2019-W07";7;2019-02-10;"2019"
2019-02-17;2978345;"2019-W08";8;2019-02-17;"2019"
2019-02-18;9148576;"2019-W08";8;2019-02-17;"2019"
2019-02-19;9337114;"2019-W08";8;2019-02-17;"2019"
2019-02-20;9350848;"2019-W08";8;2019-02-17;"2019"
2019-02-21;9154291;"2019-W08";8;2019-02-17;"2019"
2019-02-22;9037811;"2019-W08";8;2019-02-17;"2019"
2019-02-23;5686414;"2019-W08";8;2019-02-17;"2019"
2019-02-24;3221731;"2019-W09";9;2019-02-24;"2019"
2019-02-25;8954501;"2019-W09";9;2019-02-24;"2019"
2019-02-26;7827889;"2019-W09";9;2019-02-24;"2019"
2019-02-27;9334482;"2019-W09";9;2019-02-24;"2019"
2019-02-28;8837419;"2019-W09";9;2019-02-24;"2019"
2019-03-01;8695427;"2019-W09";9;2019-02-24;"2019"
2019-03-02;4855425;"2019-W09";9;2019-02-24;"2019"
2019-03-03;2849423;"2019-W10";10;2019-03-03;"2019"
2019-03-04;4596594;"2019-W10";10;2019-03-03;"2019"
2019-03-05;3275496;"2019-W10";10;2019-03-03;"2019"
2019-03-06;6715585;"2019-W10";10;2019-03-03;"2019"
2019-03-07;8765130;"2019-W10";10;2019-03-03;"2019"
2019-03-08;9009286;"2019-W10";10;2019-03-03;"2019"
2019-03-09;5477781;"2019-W10";10;2019-03-03;"2019"
2019-03-10;3097462;"2019-W11";11;2019-03-10;"2019"
2019-03-11;8680915;"2019-W11";11;2019-03-10;"2019"
2019-03-12;9332705;"2019-W11";11;2019-03-10;"2019"
2019-03-13;9302023;"2019-W11";11;2019-03-10;"2019"
2019-03-14;9138244;"2019-W11";11;2019-03-10;"2019"
2019-03-15;8974324;"2019-W11";11;2019-03-10;"2019"
2019-03-16;5360716;"2019-W11";11;2019-03-10;"2019"
2019-03-17;2833133;"2019-W12";12;2019-03-17;"2019"
2019-03-18;8487462;"2019-W12";12;2019-03-17;"2019"
2019-03-19;9096233;"2019-W12";12;2019-03-17;"2019"
2019-03-20;9274731;"2019-W12";12;2019-03-17;"2019"
2019-03-21;8811742;"2019-W12";12;2019-03-17;"2019"
2019-03-22;8702228;"2019-W12";12;2019-03-17;"2019"
2019-03-23;5406567;"2019-W12";12;2019-03-17;"2019"
2019-03-24;3021761;"2019-W13";13;2019-03-24;"2019"
2019-03-25;8956741;"2019-W13";13;2019-03-24;"2019"
2019-03-26;9154270;"2019-W13";13;2019-03-24;"2019"
2019-03-27;8976544;"2019-W13";13;2019-03-24;"2019"
2019-03-28;8777194;"2019-W13";13;2019-03-24;"2019"
2019-03-29;8145486;"2019-W13";13;2019-03-24;"2019"
2019-03-30;4520076;"2019-W13";13;2019-03-24;"2019"
2019-03-31;3033985;"2019-W14";14;2019-03-31;"2019"
2019-04-01;8754448;"2019-W14";14;2019-03-31;"2019"
2019-04-02;8705790;"2019-W14";14;2019-03-31;"2019"
2019-04-03;9317145;"2019-W14";14;2019-03-31;"2019"
2019-04-04;9291886;"2019-W14";14;2019-03-31;"2019"
2019-04-05;9281110;"2019-W14";14;2019-03-31;"2019"
2019-04-06;5437723;"2019-W14";14;2019-03-31;"2019"
2019-04-07;3087515;"2019-W15";15;2019-04-07;"2019"
2019-04-08;8490934;"2019-W15";15;2019-04-07;"2019"
2019-04-09;8979991;"2019-W15";15;2019-04-07;"2019"
2019-04-10;9322353;"2019-W15";15;2019-04-07;"2019"
2019-04-11;9266536;"2019-W15";15;2019-04-07;"2019"
2019-04-12;9097634;"2019-W15";15;2019-04-07;"2019"
2019-04-13;5557948;"2019-W15";15;2019-04-07;"2019"
2019-04-14;2693801;"2019-W16";16;2019-04-14;"2019"
2019-04-15;8727972;"2019-W16";16;2019-04-14;"2019"
2019-04-16;8470639;"2019-W16";16;2019-04-14;"2019"
2019-04-17;9313873;"2019-W16";16;2019-04-14;"2019"
2019-04-18;9024724;"2019-W16";16;2019-04-14;"2019"
2019-04-19;3202537;"2019-W16";16;2019-04-14;"2019"
2019-04-20;4820865;"2019-W16";16;2019-04-14;"2019"
2019-04-21;2887749;"2019-W17";17;2019-04-21;"2019"
2019-04-22;8796937;"2019-W17";17;2019-04-21;"2019"
2019-04-23;9078045;"2019-W17";17;2019-04-21;"2019"
2019-04-24;9080562;"2019-W17";17;2019-04-21;"2019"
2019-04-25;8633792;"2019-W17";17;2019-04-21;"2019"
2019-04-26;5591258;"2019-W17";17;2019-04-21;"2019"
2019-04-27;222729;"2019-W17";17;2019-04-21;"2019"
2019-04-28;2859596;"2019-W18";18;2019-04-28;"2019"
2019-04-29;8837209;"2019-W18";18;2019-04-28;"2019"
2019-04-30;9161728;"2019-W18";18;2019-04-28;"2019"
2019-05-01;3462276;"2019-W18";18;2019-04-28;"2019"
2019-05-02;9052702;"2019-W18";18;2019-04-28;"2019"
2019-05-03;9001240;"2019-W18";18;2019-04-28;"2019"
2019-05-04;5456171;"2019-W18";18;2019-04-28;"2019"
2019-05-05;3025943;"2019-W19";19;2019-05-05;"2019"
2019-05-06;8609668;"2019-W19";19;2019-05-05;"2019"
2019-05-07;8388224;"2019-W19";19;2019-05-05;"2019"
2019-05-08;9483775;"2019-W19";19;2019-05-05;"2019"
2019-05-09;9358940;"2019-W19";19;2019-05-05;"2019"
2019-05-10;9209655;"2019-W19";19;2019-05-05;"2019"
2019-05-11;5645956;"2019-W19";19;2019-05-05;"2019"
2019-05-14;9077803;"2019-W20";20;2019-05-12;"2019"
2019-05-15;8830843;"2019-W20";20;2019-05-12;"2019"
2019-05-16;8786528;"2019-W20";20;2019-05-12;"2019"
2019-05-17;8718013;"2019-W20";20;2019-05-12;"2019"
2019-05-18;4982168;"2019-W20";20;2019-05-12;"2019"
2019-05-19;2896428;"2019-W21";21;2019-05-19;"2019"
2019-05-20;8902574;"2019-W21";21;2019-05-19;"2019"
2019-05-21;9049583;"2019-W21";21;2019-05-19;"2019"
2019-05-22;8815368;"2019-W21";21;2019-05-19;"2019"
2019-05-23;9074447;"2019-W21";21;2019-05-19;"2019"
2019-05-24;8724711;"2019-W21";21;2019-05-19;"2019"
2019-05-25;5221562;"2019-W21";21;2019-05-19;"2019"
2019-05-26;2894538;"2019-W22";22;2019-05-26;"2019"
2019-05-27;8274316;"2019-W22";22;2019-05-26;"2019"
2019-05-28;8988011;"2019-W22";22;2019-05-26;"2019"
2019-05-29;8801109;"2019-W22";22;2019-05-26;"2019"
2019-05-30;8594436;"2019-W22";22;2019-05-26;"2019"
2019-05-31;7934485;"2019-W22";22;2019-05-26;"2019"
2019-06-01;5188849;"2019-W22";22;2019-05-26;"2019"
2019-06-02;2557580;"2019-W23";23;2019-06-02;"2019"
2019-06-03;8326188;"2019-W23";23;2019-06-02;"2019"
2019-06-04;8977769;"2019-W23";23;2019-06-02;"2019"
2019-06-05;8879158;"2019-W23";23;2019-06-02;"2019"
2019-06-06;8925177;"2019-W23";23;2019-06-02;"2019"
2019-06-07;8863135;"2019-W23";23;2019-06-02;"2019"
2019-06-08;5390248;"2019-W23";23;2019-06-02;"2019"
2019-06-09;3067524;"2019-W24";24;2019-06-09;"2019"
2019-06-10;8992796;"2019-W24";24;2019-06-09;"2019"
2019-06-11;9177955;"2019-W24";24;2019-06-09;"2019"
2019-06-12;9191086;"2019-W24";24;2019-06-09;"2019"
2019-06-13;8946562;"2019-W24";24;2019-06-09;"2019"
2019-06-14;7066828;"2019-W24";24;2019-06-09;"2019"
2019-06-15;5289433;"2019-W24";24;2019-06-09;"2019"
2019-06-16;2806483;"2019-W25";25;2019-06-16;"2019"
2019-06-17;8794311;"2019-W25";25;2019-06-16;"2019"
2019-06-18;8930808;"2019-W25";25;2019-06-16;"2019"
2019-06-19;8993608;"2019-W25";25;2019-06-16;"2019"
2019-06-20;3491965;"2019-W25";25;2019-06-16;"2019"
2019-06-21;6815793;"2019-W25";25;2019-06-16;"2019"
2019-06-22;4964430;"2019-W25";25;2019-06-16;"2019"
2019-06-23;2912655;"2019-W26";26;2019-06-23;"2019"
2019-06-24;8388833;"2019-W26";26;2019-06-23;"2019"
2019-06-25;8524670;"2019-W26";26;2019-06-23;"2019"
2019-06-26;8247332;"2019-W26";26;2019-06-23;"2019"
2019-06-27;8507430;"2019-W26";26;2019-06-23;"2019"
2019-06-28;8411850;"2019-W26";26;2019-06-23;"2019"
2019-06-29;5296695;"2019-W26";26;2019-06-23;"2019"
2019-06-30;2922822;"2019-W27";27;2019-06-30;"2019"
2019-07-01;8090344;"2019-W27";27;2019-06-30;"2019"
2019-07-02;8244167;"2019-W27";27;2019-06-30;"2019"
2019-07-03;8291081;"2019-W27";27;2019-06-30;"2019"
2019-07-04;6976786;"2019-W27";27;2019-06-30;"2019"
2019-07-05;7652550;"2019-W27";27;2019-06-30;"2019"
2019-07-06;5020914;"2019-W27";27;2019-06-30;"2019"
2019-07-07;2550751;"2019-W28";28;2019-07-07;"2019"
2019-07-08;6508267;"2019-W28";28;2019-07-07;"2019"
2019-07-09;3169463;"2019-W28";28;2019-07-07;"2019"
2019-07-10;8280789;"2019-W28";28;2019-07-07;"2019"
2019-07-11;8180782;"2019-W28";28;2019-07-07;"2019"
2019-07-12;8092867;"2019-W28";28;2019-07-07;"2019"
2019-07-13;5207076;"2019-W28";28;2019-07-07;"2019"
2019-07-14;2951896;"2019-W29";29;2019-07-14;"2019"
2019-07-15;7838854;"2019-W29";29;2019-07-14;"2019"
2019-07-16;7697890;"2019-W29";29;2019-07-14;"2019"
2019-07-17;7834360;"2019-W29";29;2019-07-14;"2019"
2019-07-18;7916297;"2019-W29";29;2019-07-14;"2019"
2019-07-19;7931296;"2019-W29";29;2019-07-14;"2019"
2019-07-20;5131836;"2019-W29";29;2019-07-14;"2019"
2019-07-21;2905001;"2019-W30";30;2019-07-21;"2019"
2019-07-22;7896347;"2019-W30";30;2019-07-21;"2019"
2019-07-23;8184420;"2019-W30";30;2019-07-21;"2019"
2019-07-24;8271444;"2019-W30";30;2019-07-21;"2019"
2019-07-25;8226604;"2019-W30";30;2019-07-21;"2019"
2019-07-26;8171245;"2019-W30";30;2019-07-21;"2019"
2019-07-27;5090895;"2019-W30";30;2019-07-21;"2019"
2019-07-28;2881521;"2019-W31";31;2019-07-28;"2019"
2019-07-29;8023971;"2019-W31";31;2019-07-28;"2019"
2019-07-30;8123081;"2019-W31";31;2019-07-28;"2019"
2019-07-31;8087180;"2019-W31";31;2019-07-28;"2019"
2019-08-01;8649133;"2019-W31";31;2019-07-28;"2019"
2019-08-02;8528220;"2019-W31";31;2019-07-28;"2019"
2019-08-03;4855432;"2019-W31";31;2019-07-28;"2019"
2019-08-04;2549326;"2019-W32";32;2019-08-04;"2019"
2019-08-05;8353811;"2019-W32";32;2019-08-04;"2019"
2019-08-06;8984189;"2019-W32";32;2019-08-04;"2019"
2019-08-07;8841822;"2019-W32";32;2019-08-04;"2019"
2019-08-08;9266924;"2019-W32";32;2019-08-04;"2019"
2019-08-09;9094680;"2019-W32";32;2019-08-04;"2019"
2019-08-10;5701224;"2019-W32";32;2019-08-04;"2019"
2019-08-11;3021811;"2019-W33";33;2019-08-11;"2019"
2019-08-12;8980770;"2019-W33";33;2019-08-11;"2019"
2019-08-13;9029085;"2019-W33";33;2019-08-11;"2019"
2019-08-14;8776719;"2019-W33";33;2019-08-11;"2019"
2019-08-15;9102985;"2019-W33";33;2019-08-11;"2019"
2019-08-16;8840766;"2019-W33";33;2019-08-11;"2019"
2019-08-17;5288601;"2019-W33";33;2019-08-11;"2019"
2019-08-18;2923408;"2019-W34";34;2019-08-18;"2019"
2019-08-19;7851336;"2019-W34";34;2019-08-18;"2019"
2019-08-20;8895379;"2019-W34";34;2019-08-18;"2019"
2019-08-21;9065729;"2019-W34";34;2019-08-18;"2019"
2019-08-22;8906154;"2019-W34";34;2019-08-18;"2019"
2019-08-23;8690784;"2019-W34";34;2019-08-18;"2019"
2019-08-24;5085057;"2019-W34";34;2019-08-18;"2019"
2019-08-25;2858671;"2019-W35";35;2019-08-25;"2019"
2019-08-26;8223703;"2019-W35";35;2019-08-25;"2019"
2019-08-27;2830730;"2019-W35";35;2019-08-25;"2019"
2019-08-28;9014121;"2019-W35";35;2019-08-25;"2019"
2019-08-29;8932118;"2019-W35";35;2019-08-25;"2019"
2019-08-30;8553853;"2019-W35";35;2019-08-25;"2019"
2019-08-31;5352555;"2019-W35";35;2019-08-25;"2019"
2019-09-01;2607018;"2019-W36";36;2019-09-01;"2019"
2019-09-02;8465386;"2019-W36";36;2019-09-01;"2019"
2019-09-03;8897893;"2019-W36";36;2019-09-01;"2019"
2019-09-04;9061029;"2019-W36";36;2019-09-01;"2019"
2019-09-05;7790405;"2019-W36";36;2019-09-01;"2019"
2019-09-06;7206513;"2019-W36";36;2019-09-01;"2019"
2019-09-07;4423007;"2019-W36";36;2019-09-01;"2019"
2019-09-08;3095878;"2019-W37";37;2019-09-08;"2019"
2019-09-09;9143697;"2019-W37";37;2019-09-08;"2019"
2019-09-10;9320151;"2019-W37";37;2019-09-08;"2019"
2019-09-11;9237086;"2019-W37";37;2019-09-08;"2019"
2019-09-12;9099331;"2019-W37";37;2019-09-08;"2019"
2019-09-13;8957126;"2019-W37";37;2019-09-08;"2019"
2019-09-14;5507157;"2019-W37";37;2019-09-08;"2019"
2019-09-15;3054969;"2019-W38";38;2019-09-15;"2019"
2019-09-16;8849625;"2019-W38";38;2019-09-15;"2019"
2019-09-17;9086028;"2019-W38";38;2019-09-15;"2019"
2019-09-18;9087370;"2019-W38";38;2019-09-15;"2019"
2019-09-19;8999283;"2019-W38";38;2019-09-15;"2019"
2019-09-20;8654268;"2019-W38";38;2019-09-15;"2019"
2019-09-21;5172374;"2019-W38";38;2019-09-15;"2019"
2019-09-22;2698572;"2019-W39";39;2019-09-22;"2019"
2019-09-23;7976554;"2019-W39";39;2019-09-22;"2019"
2019-09-24;8970917;"2019-W39";39;2019-09-22;"2019"
2019-09-25;8850620;"2019-W39";39;2019-09-22;"2019"
2019-09-26;8830707;"2019-W39";39;2019-09-22;"2019"
2019-09-27;8721301;"2019-W39";39;2019-09-22;"2019"
2019-09-28;5182423;"2019-W39";39;2019-09-22;"2019"
2019-09-29;2916232;"2019-W40";40;2019-09-29;"2019"
2019-09-30;8540682;"2019-W40";40;2019-09-29;"2019"
2019-10-01;9238665;"2019-W40";40;2019-09-29;"2019"
2019-10-02;9302013;"2019-W40";40;2019-09-29;"2019"
2019-10-03;9273905;"2019-W40";40;2019-09-29;"2019"
2019-10-04;9215060;"2019-W40";40;2019-09-29;"2019"
2019-10-05;5745997;"2019-W40";40;2019-09-29;"2019"
2019-10-06;3100491;"2019-W41";41;2019-10-06;"2019"
2019-10-07;9111412;"2019-W41";41;2019-10-06;"2019"
2019-10-08;9188582;"2019-W41";41;2019-10-06;"2019"
2019-10-09;9271979;"2019-W41";41;2019-10-06;"2019"
2019-10-10;9429647;"2019-W41";41;2019-10-06;"2019"
2019-10-11;9195223;"2019-W41";41;2019-10-06;"2019"
2019-10-12;4509366;"2019-W41";41;2019-10-06;"2019"
2019-10-13;3126718;"2019-W42";42;2019-10-13;"2019"
2019-10-14;8496505;"2019-W42";42;2019-10-13;"2019"
2019-10-15;8725891;"2019-W42";42;2019-10-13;"2019"
2019-10-16;9273646;"2019-W42";42;2019-10-13;"2019"
2019-10-17;9213979;"2019-W42";42;2019-10-13;"2019"
2019-10-18;8844417;"2019-W42";42;2019-10-13;"2019"
2019-10-19;5439237;"2019-W42";42;2019-10-13;"2019"
2019-10-20;2989975;"2019-W43";43;2019-10-20;"2019"
2019-10-21;8312030;"2019-W43";43;2019-10-20;"2019"
2019-10-22;9087230;"2019-W43";43;2019-10-20;"2019"
2019-10-23;9104698;"2019-W43";43;2019-10-20;"2019"
2019-10-24;9010562;"2019-W43";43;2019-10-20;"2019"
2019-10-25;8931318;"2019-W43";43;2019-10-20;"2019"
2019-10-26;5368957;"2019-W43";43;2019-10-20;"2019"
2019-10-27;3014956;"2019-W44";44;2019-10-27;"2019"
2019-10-28;7921712;"2019-W44";44;2019-10-27;"2019"
2019-10-29;8993896;"2019-W44";44;2019-10-27;"2019"
2019-10-30;9043067;"2019-W44";44;2019-10-27;"2019"
2019-10-31;8987140;"2019-W44";44;2019-10-27;"2019"
2019-11-01;8975138;"2019-W44";44;2019-10-27;"2019"
2019-11-02;4233002;"2019-W44";44;2019-10-27;"2019"
2019-11-03;3065960;"2019-W45";45;2019-11-03;"2019"
2019-11-04;8863149;"2019-W45";45;2019-11-03;"2019"
2019-11-05;8925098;"2019-W45";45;2019-11-03;"2019"
2019-11-06;9137042;"2019-W45";45;2019-11-03;"2019"
2019-11-07;9302310;"2019-W45";45;2019-11-03;"2019"
2019-11-08;9154502;"2019-W45";45;2019-11-03;"2019"
2019-11-09;5664348;"2019-W45";45;2019-11-03;"2019"
2019-11-10;3086199;"2019-W46";46;2019-11-10;"2019"
2019-11-11;9024271;"2019-W46";46;2019-11-10;"2019"
2019-11-12;9252732;"2019-W46";46;2019-11-10;"2019"
2019-11-13;9246862;"2019-W46";46;2019-11-10;"2019"
2019-11-14;8820825;"2019-W46";46;2019-11-10;"2019"
2019-11-15;3365609;"2019-W46";46;2019-11-10;"2019"
2019-11-16;4818319;"2019-W46";46;2019-11-10;"2019"
2019-11-17;2864005;"2019-W47";47;2019-11-17;"2019"
2019-11-18;8239704;"2019-W47";47;2019-11-17;"2019"
2019-11-19;7584930;"2019-W47";47;2019-11-17;"2019"
2019-11-20;4051093;"2019-W47";47;2019-11-17;"2019"
2019-11-21;8604672;"2019-W47";47;2019-11-17;"2019"
2019-11-22;7436174;"2019-W47";47;2019-11-17;"2019"
2019-11-23;3977239;"2019-W47";47;2019-11-17;"2019"
2019-11-24;2932514;"2019-W48";48;2019-11-24;"2019"
2019-11-25;8830052;"2019-W48";48;2019-11-24;"2019"
2019-11-26;9004351;"2019-W48";48;2019-11-24;"2019"
2019-11-27;8804850;"2019-W48";48;2019-11-24;"2019"
2019-11-28;8523156;"2019-W48";48;2019-11-24;"2019"
2019-11-29;8772979;"2019-W48";48;2019-11-24;"2019"
2019-11-30;5356595;"2019-W48";48;2019-11-24;"2019"
2019-12-01;3225535;"2019-W49";49;2019-12-01;"2019"
2019-12-02;8757269;"2019-W49";49;2019-12-01;"2019"
2019-12-03;9049424;"2019-W49";49;2019-12-01;"2019"
2019-12-04;9013339;"2019-W49";49;2019-12-01;"2019"
2019-12-05;8907609;"2019-W49";49;2019-12-01;"2019"
2019-12-06;9021275;"2019-W49";49;2019-12-01;"2019"
2019-12-07;6048570;"2019-W49";49;2019-12-01;"2019"
2019-12-08;3459212;"2019-W50";50;2019-12-08;"2019"
2019-12-09;8618495;"2019-W50";50;2019-12-08;"2019"
2019-12-10;8560406;"2019-W50";50;2019-12-08;"2019"
2019-12-11;8736139;"2019-W50";50;2019-12-08;"2019"
2019-12-12;8837765;"2019-W50";50;2019-12-08;"2019"
2019-12-13;8602678;"2019-W50";50;2019-12-08;"2019"
2019-12-14;5620676;"2019-W50";50;2019-12-08;"2019"
2019-12-15;3471378;"2019-W51";51;2019-12-15;"2019"
2019-12-16;8305187;"2019-W51";51;2019-12-15;"2019"
2019-12-17;8307725;"2019-W51";51;2019-12-15;"2019"
2019-12-18;8233877;"2019-W51";51;2019-12-15;"2019"
2019-12-19;8338943;"2019-W51";51;2019-12-15;"2019"
2019-12-20;8350798;"2019-W51";51;2019-12-15;"2019"
2019-12-21;5727563;"2019-W51";51;2019-12-15;"2019"
2019-12-22;3466812;"2019-W52";52;2019-12-22;"2019"
2019-12-23;6766161;"2019-W52";52;2019-12-22;"2019"
2019-12-24;4549967;"2019-W52";52;2019-12-22;"2019"
2019-12-25;1714555;"2019-W52";52;2019-12-22;"2019"
2019-12-26;6064547;"2019-W52";52;2019-12-22;"2019"
2019-12-27;6483142;"2019-W52";52;2019-12-22;"2019"
2019-12-28;4527820;"2019-W52";52;2019-12-22;"2019"
2019-12-29;2728983;"2020-W01";1;2019-12-29;"2019"
2019-12-30;5458108;"2020-W01";1;2019-12-29;"2019"
2019-12-31;3307579;"2020-W01";1;2019-12-29;"2019"
2020-01-01;1510667;"2020-W01";1;2019-12-29;"2020"
2020-01-02;5180666;"2020-W01";1;2019-12-29;"2020"
2020-01-03;6041922;"2020-W01";1;2019-12-29;"2020"
2020-01-04;4094846;"2020-W01";1;2019-12-29;"2020"
2020-01-05;2470913;"2020-W02";2;2020-01-05;"2020"
2020-01-06;7231256;"2020-W02";2;2020-01-05;"2020"
2020-01-07;7446019;"2020-W02";2;2020-01-05;"2020"
2020-01-08;7406739;"2020-W02";2;2020-01-05;"2020"
2020-01-09;7459897;"2020-W02";2;2020-01-05;"2020"
2020-01-10;7557759;"2020-W02";2;2020-01-05;"2020"
2020-01-11;4736997;"2020-W02";2;2020-01-05;"2020"
2020-01-12;2583099;"2020-W03";3;2020-01-12;"2020"
2020-01-13;7418355;"2020-W03";3;2020-01-12;"2020"
2020-01-14;7642034;"2020-W03";3;2020-01-12;"2020"
2020-01-15;7763874;"2020-W03";3;2020-01-12;"2020"
2020-01-16;7429340;"2020-W03";3;2020-01-12;"2020"
2020-01-17;7477716;"2020-W03";3;2020-01-12;"2020"
2020-01-18;4755050;"2020-W03";3;2020-01-12;"2020"
2020-01-19;2700074;"2020-W04";4;2020-01-19;"2020"
2020-01-20;7624226;"2020-W04";4;2020-01-19;"2020"
2020-01-21;7863389;"2020-W04";4;2020-01-19;"2020"
2020-01-22;7842272;"2020-W04";4;2020-01-19;"2020"
2020-01-23;7624370;"2020-W04";4;2020-01-19;"2020"
2020-01-24;7577364;"2020-W04";4;2020-01-19;"2020"
2020-01-25;4016035;"2020-W04";4;2020-01-19;"2020"
2020-01-26;2788490;"2020-W05";5;2020-01-26;"2020"
2020-01-27;7739098;"2020-W05";5;2020-01-26;"2020"
2020-01-28;7870635;"2020-W05";5;2020-01-26;"2020"
2020-01-29;7977046;"2020-W05";5;2020-01-26;"2020"
2020-01-30;7828873;"2020-W05";5;2020-01-26;"2020"
2020-01-31;7999590;"2020-W05";5;2020-01-26;"2020"
2020-02-01;4781423;"2020-W05";5;2020-01-26;"2020"
2020-02-02;2668300;"2020-W06";6;2020-02-02;"2020"
2020-02-03;7823655;"2020-W06";6;2020-02-02;"2020"
2020-02-04;8357076;"2020-W06";6;2020-02-02;"2020"
2020-02-05;8589246;"2020-W06";6;2020-02-02;"2020"
2020-02-06;8570033;"2020-W06";6;2020-02-02;"2020"
2020-02-07;8673768;"2020-W06";6;2020-02-02;"2020"
2020-02-08;5317762;"2020-W06";6;2020-02-02;"2020"
2020-02-09;2900872;"2020-W07";7;2020-02-09;"2020"
2020-02-10;6294201;"2020-W07";7;2020-02-09;"2020"
2020-02-11;8398070;"2020-W07";7;2020-02-09;"2020"
2020-02-12;8752441;"2020-W07";7;2020-02-09;"2020"
2020-02-13;8789529;"2020-W07";7;2020-02-09;"2020"
2020-02-14;8714699;"2020-W07";7;2020-02-09;"2020"
2020-02-15;5323304;"2020-W07";7;2020-02-09;"2020"
2020-02-16;3006815;"2020-W08";8;2020-02-16;"2020"
2020-02-17;8612053;"2020-W08";8;2020-02-16;"2020"
2020-02-18;8845290;"2020-W08";8;2020-02-16;"2020"
2020-02-19;8755119;"2020-W08";8;2020-02-16;"2020"
2020-02-20;8818195;"2020-W08";8;2020-02-16;"2020"
2020-02-21;8426560;"2020-W08";8;2020-02-16;"2020"
2020-02-22;4576087;"2020-W08";8;2020-02-16;"2020"
2020-02-23;2705880;"2020-W09";9;2020-02-23;"2020"
2020-02-24;4379158;"2020-W09";9;2020-02-23;"2020"
2020-02-25;3139127;"2020-W09";9;2020-02-23;"2020"
2020-02-26;6346098;"2020-W09";9;2020-02-23;"2020"
2020-02-27;8301713;"2020-W09";9;2020-02-23;"2020"
2020-02-28;8331436;"2020-W09";9;2020-02-23;"2020"
2020-02-29;4993574;"2020-W09";9;2020-02-23;"2020"
2020-03-01;2770588;"2020-W10";10;2020-03-01;"2020"
2020-03-02;8544188;"2020-W10";10;2020-03-01;"2020"
2020-03-03;8696716;"2020-W10";10;2020-03-01;"2020"
2020-03-04;8858633;"2020-W10";10;2020-03-01;"2020"
2020-03-05;8836446;"2020-W10";10;2020-03-01;"2020"
2020-03-06;8546742;"2020-W10";10;2020-03-01;"2020"
2020-03-07;4918552;"2020-W10";10;2020-03-01;"2020"
2020-03-08;2895127;"2020-W11";11;2020-03-08;"2020"
2020-03-09;8831401;"2020-W11";11;2020-03-08;"2020"
2020-03-10;9100311;"2020-W11";11;2020-03-08;"2020"
2020-03-11;9082989;"2020-W11";11;2020-03-08;"2020"
2020-03-12;8960759;"2020-W11";11;2020-03-08;"2020"
2020-03-13;8651977;"2020-W11";11;2020-03-08;"2020"
2020-03-14;4961557;"2020-W11";11;2020-03-08;"2020"
2020-03-15;2628658;"2020-W12";12;2020-03-15;"2020"
2020-03-16;7354644;"2020-W12";12;2020-03-15;"2020"
2020-03-17;6648224;"2020-W12";12;2020-03-15;"2020"
2020-03-18;6110833;"2020-W12";12;2020-03-15;"2020"
2020-03-19;5371313;"2020-W12";12;2020-03-15;"2020"
2020-03-20;4566894;"2020-W12";12;2020-03-15;"2020"
2020-03-21;2173891;"2020-W12";12;2020-03-15;"2020"
2020-03-22;1076847;"2020-W13";13;2020-03-22;"2020"
2020-03-23;2863364;"2020-W13";13;2020-03-22;"2020"
2020-03-24;2384210;"2020-W13";13;2020-03-22;"2020"
2020-03-25;2337923;"2020-W13";13;2020-03-22;"2020"
2020-03-26;2315474;"2020-W13";13;2020-03-22;"2020"
2020-03-27;2409535;"2020-W13";13;2020-03-22;"2020"
2020-03-28;1538247;"2020-W13";13;2020-03-22;"2020"
2020-03-29;857147;"2020-W14";14;2020-03-29;"2020"
2020-03-30;2391211;"2020-W14";14;2020-03-29;"2020"
2020-03-31;2291319;"2020-W14";14;2020-03-29;"2020"
2020-04-01;2517227;"2020-W14";14;2020-03-29;"2020"
2020-04-02;2454383;"2020-W14";14;2020-03-29;"2020"
2020-04-03;2515810;"2020-W14";14;2020-03-29;"2020"
2020-04-04;1649513;"2020-W14";14;2020-03-29;"2020"
2020-04-05;914782;"2020-W15";15;2020-04-05;"2020"
2020-04-06;2722928;"2020-W15";15;2020-04-05;"2020"
2020-04-07;2794639;"2020-W15";15;2020-04-05;"2020"
2020-04-08;2820536;"2020-W15";15;2020-04-05;"2020"
2020-04-09;2879819;"2020-W15";15;2020-04-05;"2020"
2020-04-10;1220652;"2020-W15";15;2020-04-05;"2020"
2020-04-11;1671681;"2020-W15";15;2020-04-05;"2020"
2020-04-12;949501;"2020-W16";16;2020-04-12;"2020"
2020-04-13;2604735;"2020-W16";16;2020-04-12;"2020"
2020-04-14;2648567;"2020-W16";16;2020-04-12;"2020"
2020-04-15;2682644;"2020-W16";16;2020-04-12;"2020"
2020-04-16;2660944;"2020-W16";16;2020-04-12;"2020"
2020-04-17;2713702;"2020-W16";16;2020-04-12;"2020"
2020-04-18;1722826;"2020-W16";16;2020-04-12;"2020"
2020-04-19;921124;"2020-W17";17;2020-04-19;"2020"
2020-04-20;2204987;"2020-W17";17;2020-04-19;"2020"
2020-04-21;1239154;"2020-W17";17;2020-04-19;"2020"
2020-04-22;2779098;"2020-W17";17;2020-04-19;"2020"
2020-04-23;2808407;"2020-W17";17;2020-04-19;"2020"
2020-04-24;2866889;"2020-W17";17;2020-04-19;"2020"
2020-04-25;1810311;"2020-W17";17;2020-04-19;"2020"
2020-04-26;993701;"2020-W18";18;2020-04-26;"2020"
2020-04-27;2803251;"2020-W18";18;2020-04-26;"2020"
2020-04-28;2735039;"2020-W18";18;2020-04-26;"2020"
2020-04-29;2891524;"2020-W18";18;2020-04-26;"2020"
2020-04-30;2942421;"2020-W18";18;2020-04-26;"2020"
2020-05-01;1275036;"2020-W18";18;2020-04-26;"2020"
2020-05-02;1576874;"2020-W18";18;2020-04-26;"2020"
2020-05-03;933489;"2020-W19";19;2020-05-03;"2020"
2020-05-04;2831649;"2020-W19";19;2020-05-03;"2020"
2020-05-05;2827902;"2020-W19";19;2020-05-03;"2020"
2020-05-06;2874905;"2020-W19";19;2020-05-03;"2020"
2020-05-07;2884440;"2020-W19";19;2020-05-03;"2020"
2020-05-08;2997205;"2020-W19";19;2020-05-03;"2020"
2020-05-09;1803278;"2020-W19";19;2020-05-03;"2020"
2020-05-10;1006182;"2020-W20";20;2020-05-10;"2020"
2020-05-11;3039474;"2020-W20";20;2020-05-10;"2020"
2020-05-12;2949526;"2020-W20";20;2020-05-10;"2020"
2020-05-12;3010702;"2020-W20";20;2020-05-10;"2020"
2020-05-14;2965057;"2020-W20";20;2020-05-10;"2020"
2020-05-15;2932297;"2020-W20";20;2020-05-10;"2020"
2020-05-16;1741926;"2020-W20";20;2020-05-10;"2020"
2020-05-17;1043689;"2020-W21";21;2020-05-17;"2020"
2020-05-18;2760024;"2020-W21";21;2020-05-17;"2020"
2020-05-19;2698718;"2020-W21";21;2020-05-17;"2020"
2020-05-20;1931412;"2020-W21";21;2020-05-17;"2020"
2020-05-21;2013330;"2020-W21";21;2020-05-17;"2020"
2020-05-22;2467037;"2020-W21";21;2020-05-17;"2020"
2020-05-23;1456775;"2020-W21";21;2020-05-17;"2020"
2020-05-24;806517;"2020-W22";22;2020-05-24;"2020"
2020-05-25;1748529;"2020-W22";22;2020-05-24;"2020"
2020-05-26;2961194;"2020-W22";22;2020-05-24;"2020"
2020-05-27;2667823;"2020-W22";22;2020-05-24;"2020"
2020-05-28;2879608;"2020-W22";22;2020-05-24;"2020"
2020-05-29;2886639;"2020-W22";22;2020-05-24;"2020"
2020-05-30;1767051;"2020-W22";22;2020-05-24;"2020"
2020-05-31;966963;"2020-W23";23;2020-05-31;"2020"
2020-06-01;2848449;"2020-W23";23;2020-05-31;"2020"
2020-06-02;2629878;"2020-W23";23;2020-05-31;"2020"
2020-06-03;2962988;"2020-W23";23;2020-05-31;"2020"
2020-06-04;3071946;"2020-W23";23;2020-05-31;"2020"
2020-06-05;3131283;"2020-W23";23;2020-05-31;"2020"
2020-06-06;1922183;"2020-W23";23;2020-05-31;"2020"
2020-06-07;1074342;"2020-W24";24;2020-06-07;"2020"
2020-06-08;3188798;"2020-W24";24;2020-06-07;"2020"
2020-06-09;3294643;"2020-W24";24;2020-06-07;"2020"
2020-06-10;3336944;"2020-W24";24;2020-06-07;"2020"
2020-06-11;3110854;"2020-W24";24;2020-06-07;"2020"
2020-06-12;3379818;"2020-W24";24;2020-06-07;"2020"
2020-06-13;2086799;"2020-W24";24;2020-06-07;"2020"
2020-06-14;982507;"2020-W25";25;2020-06-14;"2020"
2020-06-15;3515499;"2020-W25";25;2020-06-14;"2020"
2020-06-16;3423010;"2020-W25";25;2020-06-14;"2020"
2020-06-17;3530673;"2020-W25";25;2020-06-14;"2020"
2020-06-18;3667432;"2020-W25";25;2020-06-14;"2020"
2020-06-19;3718007;"2020-W25";25;2020-06-14;"2020"
2020-06-20;2431081;"2020-W25";25;2020-06-14;"2020"
2020-06-21;1196658;"2020-W26";26;2020-06-21;"2020"
2020-06-22;3710878;"2020-W26";26;2020-06-21;"2020"
2020-06-23;3739365;"2020-W26";26;2020-06-21;"2020"
2020-06-24;3728835;"2020-W26";26;2020-06-21;"2020"
2020-06-25;3553374;"2020-W26";26;2020-06-21;"2020"
2020-06-26;3126846;"2020-W26";26;2020-06-21;"2020"
2020-06-27;1984182;"2020-W26";26;2020-06-21;"2020"
2020-06-28;1209360;"2020-W27";27;2020-06-28;"2020"
2020-06-29;3706191;"2020-W27";27;2020-06-28;"2020"
2020-06-30;3727818;"2020-W27";27;2020-06-28;"2020"
2020-07-01;3308043;"2020-W27";27;2020-06-28;"2020"
2020-07-02;3966546;"2020-W27";27;2020-06-28;"2020"
2020-07-03;4022215;"2020-W27";27;2020-06-28;"2020"
2020-07-04;2647966;"2020-W27";27;2020-06-28;"2020"
2020-07-05;1286094;"2020-W28";28;2020-07-05;"2020"
2020-07-06;3629298;"2020-W28";28;2020-07-05;"2020"
2020-07-07;4239045;"2020-W28";28;2020-07-05;"2020"
2020-07-08;4165348;"2020-W28";28;2020-07-05;"2020"
2020-07-09;3679026;"2020-W28";28;2020-07-05;"2020"
2020-07-10;4306885;"2020-W28";28;2020-07-05;"2020"
2020-07-11;2860649;"2020-W28";28;2020-07-05;"2020"
2020-07-12;1436755;"2020-W29";29;2020-07-12;"2020"
2020-07-13;4174944;"2020-W29";29;2020-07-12;"2020"
2020-07-14;4157984;"2020-W29";29;2020-07-12;"2020"
2020-07-15;4167423;"2020-W29";29;2020-07-12;"2020"
2020-07-16;4109661;"2020-W29";29;2020-07-12;"2020"
2020-07-17;3997783;"2020-W29";29;2020-07-12;"2020"
2020-07-18;2504005;"2020-W29";29;2020-07-12;"2020"
2020-07-19;1145010;"2020-W30";30;2020-07-19;"2020"
2020-07-20;4207078;"2020-W30";30;2020-07-19;"2020"
2020-07-21;4237484;"2020-W30";30;2020-07-19;"2020"
2020-07-22;3936975;"2020-W30";30;2020-07-19;"2020"
2020-07-23;3420040;"2020-W30";30;2020-07-19;"2020"
2020-07-24;4288127;"2020-W30";30;2020-07-19;"2020"
2020-07-25;2806502;"2020-W30";30;2020-07-19;"2020"
2020-07-26;1358179;"2020-W31";31;2020-07-26;"2020"
2020-07-27;3868109;"2020-W31";31;2020-07-26;"2020"
2020-07-28;3493540;"2020-W31";31;2020-07-26;"2020"
2020-07-29;4372542;"2020-W31";31;2020-07-26;"2020"
2020-07-30;4276391;"2020-W31";31;2020-07-26;"2020"
2020-07-31;4508478;"2020-W31";31;2020-07-26;"2020"
2020-08-01;3019081;"2020-W31";31;2020-07-26;"2020"
2020-08-02;1505273;"2020-W32";32;2020-08-02;"2020"
2020-08-03;4486146;"2020-W32";32;2020-08-02;"2020"
2020-08-04;4589812;"2020-W32";32;2020-08-02;"2020"
2020-08-05;4660151;"2020-W32";32;2020-08-02;"2020"
2020-08-06;4660427;"2020-W32";32;2020-08-02;"2020"
2020-08-07;4791166;"2020-W32";32;2020-08-02;"2020"
2020-08-08;3134060;"2020-W32";32;2020-08-02;"2020"
2020-08-09;1538652;"2020-W33";33;2020-08-09;"2020"
2020-08-10;3839559;"2020-W33";33;2020-08-09;"2020"
2020-08-11;4711379;"2020-W33";33;2020-08-09;"2020"
2020-08-12;4743058;"2020-W33";33;2020-08-09;"2020"
2020-08-13;4684372;"2020-W33";33;2020-08-09;"2020"
2020-08-14;4733920;"2020-W33";33;2020-08-09;"2020"
2020-08-15;3027193;"2020-W33";33;2020-08-09;"2020"
2020-08-16;1350459;"2020-W34";34;2020-08-16;"2020"
2020-08-17;4410008;"2020-W34";34;2020-08-16;"2020"
2020-08-18;4412388;"2020-W34";34;2020-08-16;"2020"
2020-08-19;4627530;"2020-W34";34;2020-08-16;"2020"
2020-08-20;4422010;"2020-W34";34;2020-08-16;"2020"
2020-08-21;3920097;"2020-W34";34;2020-08-16;"2020"
2020-08-22;2567645;"2020-W34";34;2020-08-16;"2020"
2020-08-23;1251139;"2020-W35";35;2020-08-23;"2020"
2020-08-24;4618565;"2020-W35";35;2020-08-23;"2020"
2020-08-25;4714093;"2020-W35";35;2020-08-23;"2020"
2020-08-26;4777307;"2020-W35";35;2020-08-23;"2020"
2020-08-27;4714012;"2020-W35";35;2020-08-23;"2020"
2020-08-28;4714751;"2020-W35";35;2020-08-23;"2020"
2020-08-29;2859715;"2020-W35";35;2020-08-23;"2020"
2020-08-30;1354539;"2020-W36";36;2020-08-30;"2020"
2020-08-31;4463158;"2020-W36";36;2020-08-30;"2020"
2020-09-01;4701021;"2020-W36";36;2020-08-30;"2020"
2020-09-02;4612018;"2020-W36";36;2020-08-30;"2020"
2020-09-03;4151515;"2020-W36";36;2020-08-30;"2020"
2020-09-04;4807207;"2020-W36";36;2020-08-30;"2020"
2020-09-05;3070963;"2020-W36";36;2020-08-30;"2020"
2020-09-06;1498316;"2020-W37";37;2020-09-06;"2020"
2020-09-07;1611537;"2020-W37";37;2020-09-06;"2020"
2020-09-08;4965623;"2020-W37";37;2020-09-06;"2020"
2020-09-09;4856012;"2020-W37";37;2020-09-06;"2020"
2020-09-10;4753746;"2020-W37";37;2020-09-06;"2020"
2020-09-11;4581957;"2020-W37";37;2020-09-06;"2020"
2020-09-12;2795901;"2020-W37";37;2020-09-06;"2020"
2020-09-13;1318945;"2020-W38";38;2020-09-13;"2020"
2020-09-14;4683598;"2020-W38";38;2020-09-13;"2020"
2020-09-15;4663687;"2020-W38";38;2020-09-13;"2020"
2020-09-16;4244459;"2020-W38";38;2020-09-13;"2020"
2020-09-17;4891530;"2020-W38";38;2020-09-13;"2020"
2020-09-18;4712855;"2020-W38";38;2020-09-13;"2020"
2020-09-19;2998308;"2020-W38";38;2020-09-13;"2020"
2020-09-20;1344642;"2020-W39";39;2020-09-20;"2020"
2020-09-21;4731631;"2020-W39";39;2020-09-20;"2020"
2020-09-22;4658946;"2020-W39";39;2020-09-20;"2020"
2020-09-23;4923559;"2020-W39";39;2020-09-20;"2020"
2020-09-24;4930673;"2020-W39";39;2020-09-20;"2020"
2020-09-25;4928725;"2020-W39";39;2020-09-20;"2020"
2020-09-26;3045746;"2020-W39";39;2020-09-20;"2020"
2020-09-27;1474414;"2020-W40";40;2020-09-27;"2020"
2020-09-28;4672793;"2020-W40";40;2020-09-27;"2020"
2020-09-29;4827732;"2020-W40";40;2020-09-27;"2020"
2020-09-30;4495978;"2020-W40";40;2020-09-27;"2020"
2020-10-01;5180279;"2020-W40";40;2020-09-27;"2020"
2020-10-01;5065637;"2020-W40";40;2020-09-27;"2020"
2020-10-02;5198772;"2020-W40";40;2020-09-27;"2020"
2020-10-02;4978276;"2020-W40";40;2020-09-27;"2020"
2020-10-03;3151391;"2020-W40";40;2020-09-27;"2020"
2020-10-04;1448538;"2020-W41";41;2020-10-04;"2020"
2020-10-05;5065203;"2020-W41";41;2020-10-04;"2020"
2020-10-06;5172211;"2020-W41";41;2020-10-04;"2020"
2020-10-07;5128421;"2020-W41";41;2020-10-04;"2020"
2020-10-08;4523191;"2020-W41";41;2020-10-04;"2020"
2020-10-09;4637736;"2020-W41";41;2020-10-04;"2020"
2020-10-10;3468225;"2020-W41";41;2020-10-04;"2020"
2020-10-11;1770069;"2020-W42";42;2020-10-11;"2020"
2020-10-12;1947252;"2020-W42";42;2020-10-11;"2020"
2020-10-13;4626161;"2020-W42";42;2020-10-11;"2020"
2020-10-14;5297477;"2020-W42";42;2020-10-11;"2020"
2020-10-15;4857464;"2020-W42";42;2020-10-11;"2020"
2020-10-16;4751045;"2020-W42";42;2020-10-11;"2020"
2020-10-17;2948095;"2020-W42";42;2020-10-11;"2020"
2020-10-18;1309600;"2020-W43";43;2020-10-18;"2020"
2020-10-19;4907309;"2020-W43";43;2020-10-18;"2020"
2020-10-20;5016366;"2020-W43";43;2020-10-18;"2020"
2020-10-21;5028479;"2020-W43";43;2020-10-18;"2020"
2020-10-22;4473285;"2020-W43";43;2020-10-18;"2020"
2020-10-23;5234302;"2020-W43";43;2020-10-18;"2020"
2020-10-24;3277971;"2020-W43";43;2020-10-18;"2020"
2020-10-25;1540253;"2020-W44";44;2020-10-25;"2020"
2020-10-26;4131643;"2020-W44";44;2020-10-25;"2020"
2020-10-27;5291127;"2020-W44";44;2020-10-25;"2020"
2020-10-28;5276760;"2020-W44";44;2020-10-25;"2020"
2020-10-29;5263373;"2020-W44";44;2020-10-25;"2020"
2020-10-30;4656346;"2020-W44";44;2020-10-25;"2020"
2020-10-31;3129964;"2020-W44";44;2020-10-25;"2020"
2020-11-03;5391141;"2020-W45";45;2020-11-01;"2020"
2020-11-04;5329422;"2020-W45";45;2020-11-01;"2020"
2020-11-05;4790981;"2020-W45";45;2020-11-01;"2020"
2020-11-06;5190881;"2020-W45";45;2020-11-01;"2020"
2020-11-07;3299853;"2020-W45";45;2020-11-01;"2020"
2020-11-08;1565386;"2020-W46";46;2020-11-08;"2020"
2020-11-09;5306448;"2020-W46";46;2020-11-08;"2020"
2020-11-10;5298598;"2020-W46";46;2020-11-08;"2020"
2020-11-11;4534046;"2020-W46";46;2020-11-08;"2020"
2020-11-12;5216356;"2020-W46";46;2020-11-08;"2020"
2020-11-13;4933758;"2020-W46";46;2020-11-08;"2020"
2020-11-14;3191374;"2020-W46";46;2020-11-08;"2020"
2020-11-15;2102970;"2020-W47";47;2020-11-15;"2020"
2020-11-16;5264226;"2020-W47";47;2020-11-15;"2020"
2020-11-17;5282552;"2020-W47";47;2020-11-15;"2020"
2020-11-18;5280833;"2020-W47";47;2020-11-15;"2020"
2020-11-19;5089728;"2020-W47";47;2020-11-15;"2020"
2020-11-20;4847117;"2020-W47";47;2020-11-15;"2020"
2020-11-21;3421639;"2020-W47";47;2020-11-15;"2020"
2020-11-22;1726676;"2020-W48";48;2020-11-22;"2020"
2020-11-23;4332535;"2020-W48";48;2020-11-22;"2020"
2020-11-24;5523932;"2020-W48";48;2020-11-22;"2020"
2020-11-25;5566013;"2020-W48";48;2020-11-22;"2020"
2020-11-26;5451624;"2020-W48";48;2020-11-22;"2020"
2020-11-27;5619413;"2020-W48";48;2020-11-22;"2020"
2020-11-28;3683839;"2020-W48";48;2020-11-22;"2020"
2020-11-29;2530097;"2020-W49";49;2020-11-29;"2020"
2020-11-30;4359526;"2020-W49";49;2020-11-29;"2020"
2020-12-01;5507887;"2020-W49";49;2020-11-29;"2020"
2020-12-02;5629872;"2020-W49";49;2020-11-29;"2020"
2020-12-03;5582691;"2020-W49";49;2020-11-29;"2020"
2020-12-04;5560847;"2020-W49";49;2020-11-29;"2020"
2020-12-05;3746372;"2020-W49";49;2020-11-29;"2020"
2020-12-06;1826028;"2020-W50";50;2020-12-06;"2020"
2020-12-07;4368787;"2020-W50";50;2020-12-06;"2020"
2020-12-08;5561861;"2020-W50";50;2020-12-06;"2020"
2020-12-09;5707358;"2020-W50";50;2020-12-06;"2020"
2020-12-10;5669909;"2020-W50";50;2020-12-06;"2020"
2020-12-11;5596839;"2020-W50";50;2020-12-06;"2020"
2020-12-12;3798918;"2020-W50";50;2020-12-06;"2020"
2020-12-13;1902429;"2020-W51";51;2020-12-13;"2020"
2020-12-14;4779856;"2020-W51";51;2020-12-13;"2020"
2020-12-15;5683437;"2020-W51";51;2020-12-13;"2020"
2020-12-16;5698452;"2020-W51";51;2020-12-13;"2020"
2020-12-17;5651737;"2020-W51";51;2020-12-13;"2020"
2020-12-18;5534629;"2020-W51";51;2020-12-13;"2020"
2020-12-19;3894479;"2020-W51";51;2020-12-13;"2020"
2020-12-20;2067460;"2020-W52";52;2020-12-20;"2020"
2020-12-21;4654705;"2020-W52";52;2020-12-20;"2020"
2020-12-22;5381104;"2020-W52";52;2020-12-20;"2020"
2020-12-23;5076645;"2020-W52";52;2020-12-20;"2020"
2020-12-24;2656643;"2020-W52";52;2020-12-20;"2020"
2020-12-25;727090;"2020-W52";52;2020-12-20;"2020"
2020-12-26;2158471;"2020-W52";52;2020-12-20;"2020"
2020-12-27;1396587;"2020-W53";53;2020-12-27;"2020"
2020-12-28;4443762;"2020-W53";53;2020-12-27;"2020"
2020-12-29;4461368;"2020-W53";53;2020-12-27;"2020"
2020-12-30;4466179;"2020-W53";53;2020-12-27;"2020"
2020-12-31;2584025;"2020-W53";53;2020-12-27;"2020"
2021-01-01;877454;"2020-W53";53;2020-12-27;"2021"
2021-01-02;1815828;"2020-W53";53;2020-12-27;"2021"
2021-01-03;1386627;"2021-W01";1;2021-01-03;"2021"
2021-01-04;4432888;"2021-W01";1;2021-01-03;"2021"
2021-01-05;4158465;"2021-W01";1;2021-01-03;"2021"
2021-01-06;4922912;"2021-W01";1;2021-01-03;"2021"
2021-01-07;4949754;"2021-W01";1;2021-01-03;"2021"
2021-01-08;4968541;"2021-W01";1;2021-01-03;"2021"
2021-01-09;2941804;"2021-W01";1;2021-01-03;"2021"
2021-01-10;1401686;"2021-W02";2;2021-01-10;"2021"
2021-01-11;5118953;"2021-W02";2;2021-01-10;"2021"
2021-01-12;5096949;"2021-W02";2;2021-01-10;"2021"
2021-01-13;5181183;"2021-W02";2;2021-01-10;"2021"
2021-01-14;5058884;"2021-W02";2;2021-01-10;"2021"
2021-01-15;4791791;"2021-W02";2;2021-01-10;"2021"
2021-01-16;3006092;"2021-W02";2;2021-01-10;"2021"
2021-01-17;1519170;"2021-W03";3;2021-01-17;"2021"
2021-01-18;5090765;"2021-W03";3;2021-01-17;"2021"
2021-01-19;5175056;"2021-W03";3;2021-01-17;"2021"
2021-01-20;5241774;"2021-W03";3;2021-01-17;"2021"
2021-01-21;5062544;"2021-W03";3;2021-01-17;"2021"
2021-01-22;4646416;"2021-W03";3;2021-01-17;"2021"
2021-01-23;2521529;"2021-W03";3;2021-01-17;"2021"
2021-01-24;1803955;"2021-W04";4;2021-01-24;"2021"
2021-01-25;2136143;"2021-W04";4;2021-01-24;"2021"
2021-01-26;5326438;"2021-W04";4;2021-01-24;"2021"
2021-01-27;5327211;"2021-W04";4;2021-01-24;"2021"
2021-01-28;5219995;"2021-W04";4;2021-01-24;"2021"
2021-01-29;5196141;"2021-W04";4;2021-01-24;"2021"
2021-01-30;2690144;"2021-W04";4;2021-01-24;"2021"
2021-01-31;1396445;"2021-W05";5;2021-01-31;"2021"
2021-02-01;5151579;"2021-W05";5;2021-01-31;"2021"
2021-02-02;5168374;"2021-W05";5;2021-01-31;"2021"
2021-02-03;5118499;"2021-W05";5;2021-01-31;"2021"
2021-02-04;4467649;"2021-W05";5;2021-01-31;"2021"
2021-02-05;5529421;"2021-W05";5;2021-01-31;"2021"
2021-02-06;3484653;"2021-W05";5;2021-01-31;"2021"
2021-02-07;1776836;"2021-W06";6;2021-02-07;"2021"
2021-02-08;5456268;"2021-W06";6;2021-02-07;"2021"
2021-02-09;5538626;"2021-W06";6;2021-02-07;"2021"
2021-02-10;5464171;"2021-W06";6;2021-02-07;"2021"
2021-02-11;5045886;"2021-W06";6;2021-02-07;"2021"
2021-02-12;4664591;"2021-W06";6;2021-02-07;"2021"
2021-02-13;3182266;"2021-W06";6;2021-02-07;"2021"
2021-02-14;1784034;"2021-W07";7;2021-02-14;"2021"
2021-02-15;4932345;"2021-W07";7;2021-02-14;"2021"
2021-02-16;4813246;"2021-W07";7;2021-02-14;"2021"
2021-02-17;5289578;"2021-W07";7;2021-02-14;"2021"
2021-02-18;5578219;"2021-W07";7;2021-02-14;"2021"
2021-02-19;5573897;"2021-W07";7;2021-02-14;"2021"
2021-02-20;3475300;"2021-W07";7;2021-02-14;"2021"
2021-02-21;1788323;"2021-W08";8;2021-02-21;"2021"
2021-02-22;5430244;"2021-W08";8;2021-02-21;"2021"
2021-02-23;5535967;"2021-W08";8;2021-02-21;"2021"
2021-02-24;5368611;"2021-W08";8;2021-02-21;"2021"
2021-02-25;5258029;"2021-W08";8;2021-02-21;"2021"
2021-02-26;4931211;"2021-W08";8;2021-02-21;"2021"
2021-02-27;2719088;"2021-W08";8;2021-02-21;"2021"
2021-02-28;1371311;"2021-W09";9;2021-02-28;"2021"
2021-03-01;5395437;"2021-W09";9;2021-02-28;"2021"
2021-03-02;5496663;"2021-W09";9;2021-02-28;"2021"
2021-03-03;5494445;"2021-W09";9;2021-02-28;"2021"
2021-03-04;5380913;"2021-W09";9;2021-02-28;"2021"
2021-03-05;5212443;"2021-W09";9;2021-02-28;"2021"
2021-03-06;2335523;"2021-W09";9;2021-02-28;"2021"
2021-03-07;1128640;"2021-W10";10;2021-03-07;"2021"
2021-03-08;4743908;"2021-W10";10;2021-03-07;"2021"
2021-03-09;4802017;"2021-W10";10;2021-03-07;"2021"
2021-03-10;4837342;"2021-W10";10;2021-03-07;"2021"
2021-03-11;4670093;"2021-W10";10;2021-03-07;"2021"
2021-03-12;4706428;"2021-W10";10;2021-03-07;"2021"
2021-03-13;2698193;"2021-W10";10;2021-03-07;"2021"
2021-03-14;1360451;"2021-W11";11;2021-03-14;"2021"
2021-03-15;4151162;"2021-W11";11;2021-03-14;"2021"
2021-03-16;4130228;"2021-W11";11;2021-03-14;"2021"
2021-03-17;3872662;"2021-W11";11;2021-03-14;"2021"
2021-03-18;4070514;"2021-W11";11;2021-03-14;"2021"
2021-03-19;4178470;"2021-W11";11;2021-03-14;"2021"
2021-03-20;2484593;"2021-W11";11;2021-03-14;"2021"
2021-03-21;1220649;"2021-W12";12;2021-03-21;"2021"
2021-03-22;4058560;"2021-W12";12;2021-03-21;"2021"
2021-03-23;4126040;"2021-W12";12;2021-03-21;"2021"
2021-03-24;4114262;"2021-W12";12;2021-03-21;"2021"
2021-03-25;4223338;"2021-W12";12;2021-03-21;"2021"
2021-03-26;3506413;"2021-W12";12;2021-03-21;"2021"
2021-03-27;2310305;"2021-W12";12;2021-03-21;"2021"
2021-03-28;1188524;"2021-W13";13;2021-03-28;"2021"
2021-03-29;3312844;"2021-W13";13;2021-03-28;"2021"
2021-03-30;3421758;"2021-W13";13;2021-03-28;"2021"
2021-03-31;3616188;"2021-W13";13;2021-03-28;"2021"
2021-04-01;3668009;"2021-W13";13;2021-03-28;"2021"
2021-04-02;1657158;"2021-W13";13;2021-03-28;"2021"
2021-04-03;2291457;"2021-W13";13;2021-03-28;"2021"
2021-04-04;1287712;"2021-W14";14;2021-04-04;"2021"
2021-04-05;4234091;"2021-W14";14;2021-04-04;"2021"
2021-04-06;4192001;"2021-W14";14;2021-04-04;"2021"
2021-04-07;4370821;"2021-W14";14;2021-04-04;"2021"
2021-04-08;4431944;"2021-W14";14;2021-04-04;"2021"
2021-04-09;4449024;"2021-W14";14;2021-04-04;"2021"
2021-04-10;2694109;"2021-W14";14;2021-04-04;"2021"
2021-04-11;1300340;"2021-W15";15;2021-04-11;"2021"
2021-04-12;4420457;"2021-W15";15;2021-04-11;"2021"
2021-04-13;4443367;"2021-W15";15;2021-04-11;"2021"
2021-04-14;4525798;"2021-W15";15;2021-04-11;"2021"
2021-04-15;4534824;"2021-W15";15;2021-04-11;"2021"
2021-04-16;4571167;"2021-W15";15;2021-04-11;"2021"
2021-04-17;2685110;"2021-W15";15;2021-04-11;"2021"
2021-04-18;1371633;"2021-W16";16;2021-04-18;"2021"
2021-04-19;4557839;"2021-W16";16;2021-04-18;"2021"
2021-04-20;4642080;"2021-W16";16;2021-04-18;"2021"
2021-04-21;2242833;"2021-W16";16;2021-04-18;"2021"
2021-04-22;4679612;"2021-W16";16;2021-04-18;"2021"
2021-04-23;4695696;"2021-W16";16;2021-04-18;"2021"
2021-04-24;2832590;"2021-W16";16;2021-04-18;"2021"
2021-04-25;1289306;"2021-W17";17;2021-04-25;"2021"
2021-04-26;4803768;"2021-W17";17;2021-04-25;"2021"
2021-04-27;4881311;"2021-W17";17;2021-04-25;"2021"
2021-04-28;4853444;"2021-W17";17;2021-04-25;"2021"
2021-04-29;4585632;"2021-W17";17;2021-04-25;"2021"
2021-04-30;4885074;"2021-W17";17;2021-04-25;"2021"
2021-05-01;2421214;"2021-W17";17;2021-04-25;"2021"
2021-05-02;1365778;"2021-W18";18;2021-05-02;"2021"
2021-05-03;4923386;"2021-W18";18;2021-05-02;"2021"
2021-05-04;4949084;"2021-W18";18;2021-05-02;"2021"
2021-05-05;4630903;"2021-W18";18;2021-05-02;"2021"
2021-05-06;4684570;"2021-W18";18;2021-05-02;"2021"
2021-05-07;5037374;"2021-W18";18;2021-05-02;"2021"
2021-05-08;3053562;"2021-W18";18;2021-05-02;"2021"
2021-05-09;1418957;"2021-W19";19;2021-05-09;"2021"
2021-05-10;4266541;"2021-W19";19;2021-05-09;"2021"
2021-05-11;4453904;"2021-W19";19;2021-05-09;"2021"
2021-05-12;3937950;"2021-W19";19;2021-05-09;"2021"
2021-05-13;4108209;"2021-W19";19;2021-05-09;"2021"
2021-05-14;4792063;"2021-W19";19;2021-05-09;"2021"
2021-05-15;2840933;"2021-W19";19;2021-05-09;"2021"
2021-05-16;1363021;"2021-W20";20;2021-05-16;"2021"
2021-05-17;4333651;"2021-W20";20;2021-05-16;"2021"
2021-05-18;4542018;"2021-W20";20;2021-05-16;"2021"
2021-05-19;4312186;"2021-W20";20;2021-05-16;"2021"
2021-05-20;4458593;"2021-W20";20;2021-05-16;"2021"
2021-05-21;5024343;"2021-W20";20;2021-05-16;"2021"
2021-05-22;2804674;"2021-W20";20;2021-05-16;"2021"
2021-05-23;1342799;"2021-W21";21;2021-05-23;"2021"
2021-05-24;4663085;"2021-W21";21;2021-05-23;"2021"
2021-05-25;4778612;"2021-W21";21;2021-05-23;"2021"
2021-05-26;4740454;"2021-W21";21;2021-05-23;"2021"
2021-05-27;4427952;"2021-W21";21;2021-05-23;"2021"
2021-05-28;4993222;"2021-W21";21;2021-05-23;"2021"
2021-05-29;2961450;"2021-W21";21;2021-05-23;"2021"
2021-05-30;1306915;"2021-W22";22;2021-05-30;"2021"
2021-05-31;4069135;"2021-W22";22;2021-05-30;"2021"
2021-06-01;4591808;"2021-W22";22;2021-05-30;"2021"
2021-06-02;4607678;"2021-W22";22;2021-05-30;"2021"
2021-06-03;3283352;"2021-W22";22;2021-05-30;"2021"
2021-06-04;4782298;"2021-W22";22;2021-05-30;"2021"
2021-06-05;2891859;"2021-W22";22;2021-05-30;"2021"
2021-06-06;1354426;"2021-W23";23;2021-06-06;"2021"
2021-06-07;4490263;"2021-W23";23;2021-06-06;"2021"
2021-06-08;4566511;"2021-W23";23;2021-06-06;"2021"
2021-06-09;4625778;"2021-W23";23;2021-06-06;"2021"
2021-06-10;4639495;"2021-W23";23;2021-06-06;"2021"
2021-06-11;5051945;"2021-W23";23;2021-06-06;"2021"
2021-06-12;3162275;"2021-W23";23;2021-06-06;"2021"
2021-06-13;1473733;"2021-W24";24;2021-06-13;"2021"
2021-06-14;4385340;"2021-W24";24;2021-06-13;"2021"
2021-06-15;4562587;"2021-W24";24;2021-06-13;"2021"
2021-06-16;4598433;"2021-W24";24;2021-06-13;"2021"
2021-06-17;4401815;"2021-W24";24;2021-06-13;"2021"
2021-06-18;4773267;"2021-W24";24;2021-06-13;"2021"
2021-06-19;2869755;"2021-W24";24;2021-06-13;"2021"
2021-06-20;1359561;"2021-W25";25;2021-06-20;"2021"
2021-06-21;3943708;"2021-W25";25;2021-06-20;"2021"
2021-06-22;4245647;"2021-W25";25;2021-06-20;"2021"
2021-06-23;4426054;"2021-W25";25;2021-06-20;"2021"
2021-06-24;4533442;"2021-W25";25;2021-06-20;"2021"
2021-06-25;5075023;"2021-W25";25;2021-06-20;"2021"
2021-06-26;3078391;"2021-W25";25;2021-06-20;"2021"
2021-06-27;1488312;"2021-W26";26;2021-06-27;"2021"
2021-06-28;4444482;"2021-W26";26;2021-06-27;"2021"
2021-06-29;4304978;"2021-W26";26;2021-06-27;"2021"
2021-06-30;4276368;"2021-W26";26;2021-06-27;"2021"
2021-07-01;4327629;"2021-W26";26;2021-06-27;"2021"
2021-07-02;5115474;"2021-W26";26;2021-06-27;"2021"
2021-07-03;3003176;"2021-W26";26;2021-06-27;"2021"
2021-07-04;1409194;"2021-W27";27;2021-07-04;"2021"
2021-07-05;4329213;"2021-W27";27;2021-07-04;"2021"
2021-07-06;4433213;"2021-W27";27;2021-07-04;"2021"
2021-07-07;4579953;"2021-W27";27;2021-07-04;"2021"
2021-07-08;5200731;"2021-W27";27;2021-07-04;"2021"
2021-07-09;2662141;"2021-W27";27;2021-07-04;"2021"
2021-07-10;2935644;"2021-W27";27;2021-07-04;"2021"
2021-07-11;1478638;"2021-W28";28;2021-07-11;"2021"
2021-07-12;4669179;"2021-W28";28;2021-07-11;"2021"
2021-07-13;4820488;"2021-W28";28;2021-07-11;"2021"
NA;NA;NA;NA;NA;NA
NA;NA;NA;NA;NA;NA
