"data","dt_sin_pri","n"
"2020-05-04",2019-12-29,40
"2020-05-04",2019-12-30,45
"2020-05-04",2019-12-31,49
"2020-05-04",2020-01-01,79
"2020-05-04",2020-01-02,55
"2020-05-04",2020-01-03,55
"2020-05-04",2020-01-04,45
"2020-05-04",2020-01-05,63
"2020-05-04",2020-01-06,66
"2020-05-04",2020-01-07,55
"2020-05-04",2020-01-08,54
"2020-05-04",2020-01-09,45
"2020-05-04",2020-01-10,64
"2020-05-04",2020-01-11,52
"2020-05-04",2020-01-12,53
"2020-05-04",2020-01-13,50
"2020-05-04",2020-01-14,65
"2020-05-04",2020-01-15,67
"2020-05-04",2020-01-16,64
"2020-05-04",2020-01-17,64
"2020-05-04",2020-01-18,46
"2020-05-04",2020-01-19,52
"2020-05-04",2020-01-20,57
"2020-05-04",2020-01-21,53
"2020-05-04",2020-01-22,51
"2020-05-04",2020-01-23,57
"2020-05-04",2020-01-24,53
"2020-05-04",2020-01-25,60
"2020-05-04",2020-01-26,54
"2020-05-04",2020-01-27,55
"2020-05-04",2020-01-28,55
"2020-05-04",2020-01-29,55
"2020-05-04",2020-01-30,60
"2020-05-04",2020-01-31,47
"2020-05-04",2020-02-01,78
"2020-05-04",2020-02-02,55
"2020-05-04",2020-02-03,65
"2020-05-04",2020-02-04,69
"2020-05-04",2020-02-05,68
"2020-05-04",2020-02-06,58
"2020-05-04",2020-02-07,75
"2020-05-04",2020-02-08,65
"2020-05-04",2020-02-09,74
"2020-05-04",2020-02-10,96
"2020-05-04",2020-02-11,66
"2020-05-04",2020-02-12,87
"2020-05-04",2020-02-13,74
"2020-05-04",2020-02-14,103
"2020-05-04",2020-02-15,95
"2020-05-04",2020-02-16,99
"2020-05-04",2020-02-17,130
"2020-05-04",2020-02-18,93
"2020-05-04",2020-02-19,97
"2020-05-04",2020-02-20,143
"2020-05-04",2020-02-21,117
"2020-05-04",2020-02-22,126
"2020-05-04",2020-02-23,124
"2020-05-04",2020-02-24,150
"2020-05-04",2020-02-25,165
"2020-05-04",2020-02-26,143
"2020-05-04",2020-02-27,148
"2020-05-04",2020-02-28,159
"2020-05-04",2020-02-29,156
"2020-05-04",2020-03-01,274
"2020-05-04",2020-03-02,225
"2020-05-04",2020-03-03,216
"2020-05-04",2020-03-04,189
"2020-05-04",2020-03-05,235
"2020-05-04",2020-03-06,256
"2020-05-04",2020-03-07,279
"2020-05-04",2020-03-08,333
"2020-05-04",2020-03-09,455
"2020-05-04",2020-03-10,638
"2020-05-04",2020-03-11,572
"2020-05-04",2020-03-12,760
"2020-05-04",2020-03-13,904
"2020-05-04",2020-03-14,1009
"2020-05-04",2020-03-15,1294
"2020-05-04",2020-03-16,1562
"2020-05-04",2020-03-17,1470
"2020-05-04",2020-03-18,1651
"2020-05-04",2020-03-19,1714
"2020-05-04",2020-03-20,2399
"2020-05-04",2020-03-21,1813
"2020-05-04",2020-03-22,1831
"2020-05-04",2020-03-23,2319
"2020-05-04",2020-03-24,1956
"2020-05-04",2020-03-25,1958
"2020-05-04",2020-03-26,1909
"2020-05-04",2020-03-27,1857
"2020-05-04",2020-03-28,1785
"2020-05-04",2020-03-29,1697
"2020-05-04",2020-03-30,1941
"2020-05-04",2020-03-31,1732
"2020-05-04",2020-04-01,2519
"2020-05-04",2020-04-02,1861
"2020-05-04",2020-04-03,1933
"2020-05-04",2020-04-04,1924
"2020-05-04",2020-04-05,1939
"2020-05-04",2020-04-06,2049
"2020-05-04",2020-04-07,1921
"2020-05-04",2020-04-08,1969
"2020-05-04",2020-04-09,2046
"2020-05-04",2020-04-10,2625
"2020-05-04",2020-04-11,1931
"2020-05-04",2020-04-12,2189
"2020-05-04",2020-04-13,2374
"2020-05-04",2020-04-14,2213
"2020-05-04",2020-04-15,2416
"2020-05-04",2020-04-16,2135
"2020-05-04",2020-04-17,2253
"2020-05-04",2020-04-18,2369
"2020-05-04",2020-04-19,2097
"2020-05-04",2020-04-20,2730
"2020-05-04",2020-04-21,1851
"2020-05-04",2020-04-22,1888
"2020-05-04",2020-04-23,1823
"2020-05-04",2020-04-24,1710
"2020-05-04",2020-04-25,1563
"2020-05-04",2020-04-26,1303
"2020-05-04",2020-04-27,1211
"2020-05-04",2020-04-28,925
"2020-05-04",2020-04-29,594
"2020-05-04",2020-04-30,491
"2020-05-04",2020-05-01,327
"2020-05-04",2020-05-02,183
"2020-05-04",2020-05-03,90
"2020-05-04",2020-05-04,9
"2020-05-18",2019-12-29,41
"2020-05-18",2019-12-30,45
"2020-05-18",2019-12-31,49
"2020-05-18",2020-01-01,81
"2020-05-18",2020-01-02,56
"2020-05-18",2020-01-03,56
"2020-05-18",2020-01-04,45
"2020-05-18",2020-01-05,62
"2020-05-18",2020-01-06,66
"2020-05-18",2020-01-07,55
"2020-05-18",2020-01-08,54
"2020-05-18",2020-01-09,45
"2020-05-18",2020-01-10,67
"2020-05-18",2020-01-11,51
"2020-05-18",2020-01-12,53
"2020-05-18",2020-01-13,50
"2020-05-18",2020-01-14,64
"2020-05-18",2020-01-15,67
"2020-05-18",2020-01-16,64
"2020-05-18",2020-01-17,64
"2020-05-18",2020-01-18,47
"2020-05-18",2020-01-19,52
"2020-05-18",2020-01-20,57
"2020-05-18",2020-01-21,53
"2020-05-18",2020-01-22,52
"2020-05-18",2020-01-23,58
"2020-05-18",2020-01-24,53
"2020-05-18",2020-01-25,60
"2020-05-18",2020-01-26,57
"2020-05-18",2020-01-27,54
"2020-05-18",2020-01-28,54
"2020-05-18",2020-01-29,54
"2020-05-18",2020-01-30,61
"2020-05-18",2020-01-31,46
"2020-05-18",2020-02-01,84
"2020-05-18",2020-02-02,56
"2020-05-18",2020-02-03,62
"2020-05-18",2020-02-04,71
"2020-05-18",2020-02-05,73
"2020-05-18",2020-02-06,59
"2020-05-18",2020-02-07,74
"2020-05-18",2020-02-08,64
"2020-05-18",2020-02-09,74
"2020-05-18",2020-02-10,97
"2020-05-18",2020-02-11,67
"2020-05-18",2020-02-12,89
"2020-05-18",2020-02-13,77
"2020-05-18",2020-02-14,101
"2020-05-18",2020-02-15,95
"2020-05-18",2020-02-16,99
"2020-05-18",2020-02-17,128
"2020-05-18",2020-02-18,97
"2020-05-18",2020-02-19,97
"2020-05-18",2020-02-20,139
"2020-05-18",2020-02-21,116
"2020-05-18",2020-02-22,124
"2020-05-18",2020-02-23,124
"2020-05-18",2020-02-24,148
"2020-05-18",2020-02-25,167
"2020-05-18",2020-02-26,146
"2020-05-18",2020-02-27,152
"2020-05-18",2020-02-28,159
"2020-05-18",2020-02-29,157
"2020-05-18",2020-03-01,281
"2020-05-18",2020-03-02,235
"2020-05-18",2020-03-03,220
"2020-05-18",2020-03-04,200
"2020-05-18",2020-03-05,240
"2020-05-18",2020-03-06,270
"2020-05-18",2020-03-07,285
"2020-05-18",2020-03-08,343
"2020-05-18",2020-03-09,472
"2020-05-18",2020-03-10,657
"2020-05-18",2020-03-11,577
"2020-05-18",2020-03-12,782
"2020-05-18",2020-03-13,924
"2020-05-18",2020-03-14,1052
"2020-05-18",2020-03-15,1337
"2020-05-18",2020-03-16,1606
"2020-05-18",2020-03-17,1514
"2020-05-18",2020-03-18,1720
"2020-05-18",2020-03-19,1745
"2020-05-18",2020-03-20,2484
"2020-05-18",2020-03-21,1881
"2020-05-18",2020-03-22,1880
"2020-05-18",2020-03-23,2379
"2020-05-18",2020-03-24,2014
"2020-05-18",2020-03-25,2034
"2020-05-18",2020-03-26,1964
"2020-05-18",2020-03-27,1945
"2020-05-18",2020-03-28,1870
"2020-05-18",2020-03-29,1751
"2020-05-18",2020-03-30,2028
"2020-05-18",2020-03-31,1814
"2020-05-18",2020-04-01,2708
"2020-05-18",2020-04-02,1984
"2020-05-18",2020-04-03,2085
"2020-05-18",2020-04-04,2104
"2020-05-18",2020-04-05,2090
"2020-05-18",2020-04-06,2234
"2020-05-18",2020-04-07,2092
"2020-05-18",2020-04-08,2173
"2020-05-18",2020-04-09,2295
"2020-05-18",2020-04-10,3030
"2020-05-18",2020-04-11,2186
"2020-05-18",2020-04-12,2521
"2020-05-18",2020-04-13,2713
"2020-05-18",2020-04-14,2611
"2020-05-18",2020-04-15,3000
"2020-05-18",2020-04-16,2660
"2020-05-18",2020-04-17,2877
"2020-05-18",2020-04-18,2994
"2020-05-18",2020-04-19,2802
"2020-05-18",2020-04-20,4218
"2020-05-18",2020-04-21,2731
"2020-05-18",2020-04-22,2966
"2020-05-18",2020-04-23,3052
"2020-05-18",2020-04-24,3150
"2020-05-18",2020-04-25,3300
"2020-05-18",2020-04-26,2943
"2020-05-18",2020-04-27,3233
"2020-05-18",2020-04-28,3090
"2020-05-18",2020-04-29,2602
"2020-05-18",2020-04-30,3232
"2020-05-18",2020-05-01,4308
"2020-05-18",2020-05-02,2885
"2020-05-18",2020-05-03,2750
"2020-05-18",2020-05-04,2969
"2020-05-18",2020-05-05,2724
"2020-05-18",2020-05-06,2370
"2020-05-18",2020-05-07,2245
"2020-05-18",2020-05-08,2159
"2020-05-18",2020-05-09,1918
"2020-05-18",2020-05-10,2167
"2020-05-18",2020-05-11,1528
"2020-05-18",2020-05-12,1239
"2020-05-18",2020-05-13,984
"2020-05-18",2020-05-14,812
"2020-05-18",2020-05-15,555
"2020-05-18",2020-05-16,352
"2020-05-18",2020-05-17,187
"2020-05-18",2020-05-18,47
"2020-05-18",NA,53
"2020-06-01",2010-01-14,1
"2020-06-01",2010-02-25,1
"2020-06-01",2010-04-09,1
"2020-06-01",2010-05-11,1
"2020-06-01",2011-05-03,1
"2020-06-01",2012-04-24,1
"2020-06-01",2017-03-24,1
"2020-06-01",2017-03-26,1
"2020-06-01",2017-04-04,1
"2020-06-01",2017-04-16,1
"2020-06-01",2017-07-24,1
"2020-06-01",2018-08-15,1
"2020-06-01",2019-01-01,1
"2020-06-01",2019-01-18,1
"2020-06-01",2019-01-25,2
"2020-06-01",2019-02-26,1
"2020-06-01",2019-03-18,1
"2020-06-01",2019-03-26,1
"2020-06-01",2019-04-08,1
"2020-06-01",2019-04-12,1
"2020-06-01",2019-04-24,1
"2020-06-01",2019-07-25,1
"2020-06-01",2019-08-27,1
"2020-06-01",2019-09-02,1
"2020-06-01",2019-09-07,1
"2020-06-01",2019-09-27,1
"2020-06-01",2019-09-28,1
"2020-06-01",2019-10-01,1
"2020-06-01",2019-10-13,1
"2020-06-01",2019-10-16,1
"2020-06-01",2019-10-19,2
"2020-06-01",2019-10-21,3
"2020-06-01",2019-10-22,1
"2020-06-01",2019-10-24,1
"2020-06-01",2019-10-26,1
"2020-06-01",2019-10-28,3
"2020-06-01",2019-10-29,2
"2020-06-01",2019-10-30,1
"2020-06-01",2019-11-01,1
"2020-06-01",2019-11-02,2
"2020-06-01",2019-11-03,1
"2020-06-01",2019-11-04,2
"2020-06-01",2019-11-06,1
"2020-06-01",2019-11-08,2
"2020-06-01",2019-11-10,1
"2020-06-01",2019-11-14,1
"2020-06-01",2019-11-15,3
"2020-06-01",2019-11-17,1
"2020-06-01",2019-11-18,2
"2020-06-01",2019-11-20,6
"2020-06-01",2019-11-21,1
"2020-06-01",2019-11-22,1
"2020-06-01",2019-11-23,2
"2020-06-01",2019-11-24,1
"2020-06-01",2019-11-25,2
"2020-06-01",2019-11-26,2
"2020-06-01",2019-11-29,2
"2020-06-01",2019-12-01,5
"2020-06-01",2019-12-02,5
"2020-06-01",2019-12-03,4
"2020-06-01",2019-12-04,2
"2020-06-01",2019-12-05,2
"2020-06-01",2019-12-06,4
"2020-06-01",2019-12-07,3
"2020-06-01",2019-12-08,5
"2020-06-01",2019-12-09,4
"2020-06-01",2019-12-10,4
"2020-06-01",2019-12-11,4
"2020-06-01",2019-12-12,1
"2020-06-01",2019-12-13,6
"2020-06-01",2019-12-14,6
"2020-06-01",2019-12-15,5
"2020-06-01",2019-12-16,6
"2020-06-01",2019-12-17,3
"2020-06-01",2019-12-18,11
"2020-06-01",2019-12-19,8
"2020-06-01",2019-12-20,11
"2020-06-01",2019-12-21,5
"2020-06-01",2019-12-22,9
"2020-06-01",2019-12-23,14
"2020-06-01",2019-12-24,13
"2020-06-01",2019-12-25,13
"2020-06-01",2019-12-26,30
"2020-06-01",2019-12-27,34
"2020-06-01",2019-12-28,21
"2020-06-01",2019-12-29,31
"2020-06-01",2019-12-30,46
"2020-06-01",2019-12-31,44
"2020-06-01",2020-01-01,83
"2020-06-01",2020-01-02,57
"2020-06-01",2020-01-03,55
"2020-06-01",2020-01-04,47
"2020-06-01",2020-01-05,62
"2020-06-01",2020-01-06,68
"2020-06-01",2020-01-07,56
"2020-06-01",2020-01-08,53
"2020-06-01",2020-01-09,44
"2020-06-01",2020-01-10,72
"2020-06-01",2020-01-11,53
"2020-06-01",2020-01-12,55
"2020-06-01",2020-01-13,50
"2020-06-01",2020-01-14,64
"2020-06-01",2020-01-15,68
"2020-06-01",2020-01-16,65
"2020-06-01",2020-01-17,67
"2020-06-01",2020-01-18,50
"2020-06-01",2020-01-19,53
"2020-06-01",2020-01-20,58
"2020-06-01",2020-01-21,54
"2020-06-01",2020-01-22,52
"2020-06-01",2020-01-23,57
"2020-06-01",2020-01-24,52
"2020-06-01",2020-01-25,62
"2020-06-01",2020-01-26,58
"2020-06-01",2020-01-27,55
"2020-06-01",2020-01-28,55
"2020-06-01",2020-01-29,56
"2020-06-01",2020-01-30,63
"2020-06-01",2020-01-31,46
"2020-06-01",2020-02-01,85
"2020-06-01",2020-02-02,55
"2020-06-01",2020-02-03,65
"2020-06-01",2020-02-04,71
"2020-06-01",2020-02-05,73
"2020-06-01",2020-02-06,58
"2020-06-01",2020-02-07,74
"2020-06-01",2020-02-08,64
"2020-06-01",2020-02-09,78
"2020-06-01",2020-02-10,102
"2020-06-01",2020-02-11,70
"2020-06-01",2020-02-12,90
"2020-06-01",2020-02-13,77
"2020-06-01",2020-02-14,104
"2020-06-01",2020-02-15,99
"2020-06-01",2020-02-16,103
"2020-06-01",2020-02-17,133
"2020-06-01",2020-02-18,101
"2020-06-01",2020-02-19,101
"2020-06-01",2020-02-20,150
"2020-06-01",2020-02-21,120
"2020-06-01",2020-02-22,131
"2020-06-01",2020-02-23,126
"2020-06-01",2020-02-24,151
"2020-06-01",2020-02-25,168
"2020-06-01",2020-02-26,147
"2020-06-01",2020-02-27,156
"2020-06-01",2020-02-28,161
"2020-06-01",2020-02-29,159
"2020-06-01",2020-03-01,298
"2020-06-01",2020-03-02,236
"2020-06-01",2020-03-03,230
"2020-06-01",2020-03-04,200
"2020-06-01",2020-03-05,252
"2020-06-01",2020-03-06,267
"2020-06-01",2020-03-07,289
"2020-06-01",2020-03-08,353
"2020-06-01",2020-03-09,487
"2020-06-01",2020-03-10,671
"2020-06-01",2020-03-11,590
"2020-06-01",2020-03-12,795
"2020-06-01",2020-03-13,956
"2020-06-01",2020-03-14,1069
"2020-06-01",2020-03-15,1380
"2020-06-01",2020-03-16,1629
"2020-06-01",2020-03-17,1547
"2020-06-01",2020-03-18,1773
"2020-06-01",2020-03-19,1781
"2020-06-01",2020-03-20,2545
"2020-06-01",2020-03-21,1926
"2020-06-01",2020-03-22,1918
"2020-06-01",2020-03-23,2459
"2020-06-01",2020-03-24,2070
"2020-06-01",2020-03-25,2093
"2020-06-01",2020-03-26,2026
"2020-06-01",2020-03-27,2016
"2020-06-01",2020-03-28,1944
"2020-06-01",2020-03-29,1816
"2020-06-01",2020-03-30,2104
"2020-06-01",2020-03-31,1865
"2020-06-01",2020-04-01,2844
"2020-06-01",2020-04-02,2089
"2020-06-01",2020-04-03,2177
"2020-06-01",2020-04-04,2228
"2020-06-01",2020-04-05,2230
"2020-06-01",2020-04-06,2367
"2020-06-01",2020-04-07,2218
"2020-06-01",2020-04-08,2341
"2020-06-01",2020-04-09,2444
"2020-06-01",2020-04-10,3282
"2020-06-01",2020-04-11,2337
"2020-06-01",2020-04-12,2729
"2020-06-01",2020-04-13,2951
"2020-06-01",2020-04-14,2861
"2020-06-01",2020-04-15,3289
"2020-06-01",2020-04-16,2887
"2020-06-01",2020-04-17,3187
"2020-06-01",2020-04-18,3360
"2020-06-01",2020-04-19,3092
"2020-06-01",2020-04-20,4828
"2020-06-01",2020-04-21,3019
"2020-06-01",2020-04-22,3300
"2020-06-01",2020-04-23,3462
"2020-06-01",2020-04-24,3590
"2020-06-01",2020-04-25,3785
"2020-06-01",2020-04-26,3459
"2020-06-01",2020-04-27,3694
"2020-06-01",2020-04-28,3658
"2020-06-01",2020-04-29,3047
"2020-06-01",2020-04-30,3881
"2020-06-01",2020-05-01,5582
"2020-06-01",2020-05-02,3693
"2020-06-01",2020-05-03,3617
"2020-06-01",2020-05-04,3989
"2020-06-01",2020-05-05,4030
"2020-06-01",2020-05-06,3362
"2020-06-01",2020-05-07,3530
"2020-06-01",2020-05-08,3710
"2020-06-01",2020-05-09,3503
"2020-06-01",2020-05-10,4722
"2020-06-01",2020-05-11,3626
"2020-06-01",2020-05-12,3465
"2020-06-01",2020-05-13,3268
"2020-06-01",2020-05-14,3334
"2020-06-01",2020-05-15,3607
"2020-06-01",2020-05-16,3024
"2020-06-01",2020-05-17,2895
"2020-06-01",2020-05-18,3075
"2020-06-01",2020-05-19,2547
"2020-06-01",2020-05-20,2962
"2020-06-01",2020-05-21,2119
"2020-06-01",2020-05-22,1971
"2020-06-01",2020-05-23,1549
"2020-06-01",2020-05-24,1400
"2020-06-01",2020-05-25,1365
"2020-06-01",2020-05-26,924
"2020-06-01",2020-05-27,665
"2020-06-01",2020-05-28,482
"2020-06-01",2020-05-29,235
"2020-06-01",2020-05-30,111
"2020-06-01",2020-05-31,42
"2020-06-01",NA,71
"2020-06-02",2020-01-01,83
"2020-06-02",2020-01-02,57
"2020-06-02",2020-01-03,55
"2020-06-02",2020-01-04,47
"2020-06-02",2020-01-05,62
"2020-06-02",2020-01-06,67
"2020-06-02",2020-01-07,56
"2020-06-02",2020-01-08,53
"2020-06-02",2020-01-09,44
"2020-06-02",2020-01-10,71
"2020-06-02",2020-01-11,53
"2020-06-02",2020-01-12,55
"2020-06-02",2020-01-13,50
"2020-06-02",2020-01-14,64
"2020-06-02",2020-01-15,68
"2020-06-02",2020-01-16,64
"2020-06-02",2020-01-17,67
"2020-06-02",2020-01-18,51
"2020-06-02",2020-01-19,53
"2020-06-02",2020-01-20,58
"2020-06-02",2020-01-21,54
"2020-06-02",2020-01-22,52
"2020-06-02",2020-01-23,57
"2020-06-02",2020-01-24,52
"2020-06-02",2020-01-25,62
"2020-06-02",2020-01-26,58
"2020-06-02",2020-01-27,55
"2020-06-02",2020-01-28,55
"2020-06-02",2020-01-29,56
"2020-06-02",2020-01-30,63
"2020-06-02",2020-01-31,46
"2020-06-02",2020-02-01,85
"2020-06-02",2020-02-02,58
"2020-06-02",2020-02-03,64
"2020-06-02",2020-02-04,72
"2020-06-02",2020-02-05,73
"2020-06-02",2020-02-06,59
"2020-06-02",2020-02-07,74
"2020-06-02",2020-02-08,64
"2020-06-02",2020-02-09,78
"2020-06-02",2020-02-10,103
"2020-06-02",2020-02-11,70
"2020-06-02",2020-02-12,90
"2020-06-02",2020-02-13,78
"2020-06-02",2020-02-14,103
"2020-06-02",2020-02-15,102
"2020-06-02",2020-02-16,103
"2020-06-02",2020-02-17,133
"2020-06-02",2020-02-18,103
"2020-06-02",2020-02-19,102
"2020-06-02",2020-02-20,152
"2020-06-02",2020-02-21,123
"2020-06-02",2020-02-22,133
"2020-06-02",2020-02-23,126
"2020-06-02",2020-02-24,152
"2020-06-02",2020-02-25,169
"2020-06-02",2020-02-26,146
"2020-06-02",2020-02-27,158
"2020-06-02",2020-02-28,162
"2020-06-02",2020-02-29,159
"2020-06-02",2020-03-01,302
"2020-06-02",2020-03-02,241
"2020-06-02",2020-03-03,233
"2020-06-02",2020-03-04,201
"2020-06-02",2020-03-05,250
"2020-06-02",2020-03-06,274
"2020-06-02",2020-03-07,290
"2020-06-02",2020-03-08,355
"2020-06-02",2020-03-09,489
"2020-06-02",2020-03-10,673
"2020-06-02",2020-03-11,592
"2020-06-02",2020-03-12,798
"2020-06-02",2020-03-13,957
"2020-06-02",2020-03-14,1074
"2020-06-02",2020-03-15,1382
"2020-06-02",2020-03-16,1626
"2020-06-02",2020-03-17,1546
"2020-06-02",2020-03-18,1777
"2020-06-02",2020-03-19,1783
"2020-06-02",2020-03-20,2565
"2020-06-02",2020-03-21,1927
"2020-06-02",2020-03-22,1922
"2020-06-02",2020-03-23,2468
"2020-06-02",2020-03-24,2074
"2020-06-02",2020-03-25,2106
"2020-06-02",2020-03-26,2034
"2020-06-02",2020-03-27,2029
"2020-06-02",2020-03-28,1945
"2020-06-02",2020-03-29,1821
"2020-06-02",2020-03-30,2110
"2020-06-02",2020-03-31,1876
"2020-06-02",2020-04-01,2867
"2020-06-02",2020-04-02,2107
"2020-06-02",2020-04-03,2193
"2020-06-02",2020-04-04,2246
"2020-06-02",2020-04-05,2249
"2020-06-02",2020-04-06,2389
"2020-06-02",2020-04-07,2238
"2020-06-02",2020-04-08,2380
"2020-06-02",2020-04-09,2470
"2020-06-02",2020-04-10,3339
"2020-06-02",2020-04-11,2362
"2020-06-02",2020-04-12,2763
"2020-06-02",2020-04-13,2990
"2020-06-02",2020-04-14,2914
"2020-06-02",2020-04-15,3336
"2020-06-02",2020-04-16,2948
"2020-06-02",2020-04-17,3237
"2020-06-02",2020-04-18,3417
"2020-06-02",2020-04-19,3148
"2020-06-02",2020-04-20,4919
"2020-06-02",2020-04-21,3053
"2020-06-02",2020-04-22,3375
"2020-06-02",2020-04-23,3519
"2020-06-02",2020-04-24,3648
"2020-06-02",2020-04-25,3834
"2020-06-02",2020-04-26,3527
"2020-06-02",2020-04-27,3760
"2020-06-02",2020-04-28,3743
"2020-06-02",2020-04-29,3106
"2020-06-02",2020-04-30,3986
"2020-06-02",2020-05-01,5767
"2020-06-02",2020-05-02,3784
"2020-06-02",2020-05-03,3722
"2020-06-02",2020-05-04,4106
"2020-06-02",2020-05-05,4192
"2020-06-02",2020-05-06,3482
"2020-06-02",2020-05-07,3685
"2020-06-02",2020-05-08,3872
"2020-06-02",2020-05-09,3625
"2020-06-02",2020-05-10,4952
"2020-06-02",2020-05-11,3790
"2020-06-02",2020-05-12,3680
"2020-06-02",2020-05-13,3505
"2020-06-02",2020-05-14,3574
"2020-06-02",2020-05-15,4039
"2020-06-02",2020-05-16,3324
"2020-06-02",2020-05-17,3259
"2020-06-02",2020-05-18,3511
"2020-06-02",2020-05-19,2971
"2020-06-02",2020-05-20,3732
"2020-06-02",2020-05-21,2693
"2020-06-02",2020-05-22,2633
"2020-06-02",2020-05-23,2269
"2020-06-02",2020-05-24,2146
"2020-06-02",2020-05-25,2509
"2020-06-02",2020-05-26,1813
"2020-06-02",2020-05-27,1513
"2020-06-02",2020-05-28,1488
"2020-06-02",2020-05-29,1258
"2020-06-02",2020-05-30,957
"2020-06-02",2020-05-31,688
"2020-06-02",2020-06-01,483
"2020-06-02",2020-06-02,230
"2020-06-02",2020-06-03,28
"2020-06-03",2020-01-01,83
"2020-06-03",2020-01-02,57
"2020-06-03",2020-01-03,55
"2020-06-03",2020-01-04,47
"2020-06-03",2020-01-05,62
"2020-06-03",2020-01-06,67
"2020-06-03",2020-01-07,56
"2020-06-03",2020-01-08,53
"2020-06-03",2020-01-09,44
"2020-06-03",2020-01-10,71
"2020-06-03",2020-01-11,53
"2020-06-03",2020-01-12,55
"2020-06-03",2020-01-13,50
"2020-06-03",2020-01-14,64
"2020-06-03",2020-01-15,68
"2020-06-03",2020-01-16,64
"2020-06-03",2020-01-17,67
"2020-06-03",2020-01-18,51
"2020-06-03",2020-01-19,53
"2020-06-03",2020-01-20,58
"2020-06-03",2020-01-21,54
"2020-06-03",2020-01-22,52
"2020-06-03",2020-01-23,57
"2020-06-03",2020-01-24,52
"2020-06-03",2020-01-25,62
"2020-06-03",2020-01-26,58
"2020-06-03",2020-01-27,55
"2020-06-03",2020-01-28,55
"2020-06-03",2020-01-29,56
"2020-06-03",2020-01-30,63
"2020-06-03",2020-01-31,46
"2020-06-03",2020-02-01,85
"2020-06-03",2020-02-02,58
"2020-06-03",2020-02-03,64
"2020-06-03",2020-02-04,72
"2020-06-03",2020-02-05,73
"2020-06-03",2020-02-06,59
"2020-06-03",2020-02-07,74
"2020-06-03",2020-02-08,64
"2020-06-03",2020-02-09,78
"2020-06-03",2020-02-10,103
"2020-06-03",2020-02-11,70
"2020-06-03",2020-02-12,90
"2020-06-03",2020-02-13,78
"2020-06-03",2020-02-14,103
"2020-06-03",2020-02-15,102
"2020-06-03",2020-02-16,103
"2020-06-03",2020-02-17,133
"2020-06-03",2020-02-18,103
"2020-06-03",2020-02-19,102
"2020-06-03",2020-02-20,152
"2020-06-03",2020-02-21,123
"2020-06-03",2020-02-22,133
"2020-06-03",2020-02-23,126
"2020-06-03",2020-02-24,152
"2020-06-03",2020-02-25,169
"2020-06-03",2020-02-26,146
"2020-06-03",2020-02-27,158
"2020-06-03",2020-02-28,162
"2020-06-03",2020-02-29,159
"2020-06-03",2020-03-01,302
"2020-06-03",2020-03-02,241
"2020-06-03",2020-03-03,233
"2020-06-03",2020-03-04,201
"2020-06-03",2020-03-05,250
"2020-06-03",2020-03-06,274
"2020-06-03",2020-03-07,290
"2020-06-03",2020-03-08,355
"2020-06-03",2020-03-09,489
"2020-06-03",2020-03-10,673
"2020-06-03",2020-03-11,592
"2020-06-03",2020-03-12,798
"2020-06-03",2020-03-13,957
"2020-06-03",2020-03-14,1074
"2020-06-03",2020-03-15,1382
"2020-06-03",2020-03-16,1626
"2020-06-03",2020-03-17,1546
"2020-06-03",2020-03-18,1777
"2020-06-03",2020-03-19,1783
"2020-06-03",2020-03-20,2565
"2020-06-03",2020-03-21,1927
"2020-06-03",2020-03-22,1922
"2020-06-03",2020-03-23,2468
"2020-06-03",2020-03-24,2074
"2020-06-03",2020-03-25,2106
"2020-06-03",2020-03-26,2034
"2020-06-03",2020-03-27,2029
"2020-06-03",2020-03-28,1945
"2020-06-03",2020-03-29,1821
"2020-06-03",2020-03-30,2110
"2020-06-03",2020-03-31,1876
"2020-06-03",2020-04-01,2867
"2020-06-03",2020-04-02,2107
"2020-06-03",2020-04-03,2193
"2020-06-03",2020-04-04,2246
"2020-06-03",2020-04-05,2249
"2020-06-03",2020-04-06,2389
"2020-06-03",2020-04-07,2238
"2020-06-03",2020-04-08,2380
"2020-06-03",2020-04-09,2470
"2020-06-03",2020-04-10,3339
"2020-06-03",2020-04-11,2362
"2020-06-03",2020-04-12,2763
"2020-06-03",2020-04-13,2990
"2020-06-03",2020-04-14,2914
"2020-06-03",2020-04-15,3336
"2020-06-03",2020-04-16,2948
"2020-06-03",2020-04-17,3237
"2020-06-03",2020-04-18,3417
"2020-06-03",2020-04-19,3148
"2020-06-03",2020-04-20,4919
"2020-06-03",2020-04-21,3053
"2020-06-03",2020-04-22,3375
"2020-06-03",2020-04-23,3519
"2020-06-03",2020-04-24,3648
"2020-06-03",2020-04-25,3834
"2020-06-03",2020-04-26,3527
"2020-06-03",2020-04-27,3760
"2020-06-03",2020-04-28,3743
"2020-06-03",2020-04-29,3106
"2020-06-03",2020-04-30,3986
"2020-06-03",2020-05-01,5767
"2020-06-03",2020-05-02,3784
"2020-06-03",2020-05-03,3722
"2020-06-03",2020-05-04,4106
"2020-06-03",2020-05-05,4192
"2020-06-03",2020-05-06,3482
"2020-06-03",2020-05-07,3685
"2020-06-03",2020-05-08,3872
"2020-06-03",2020-05-09,3625
"2020-06-03",2020-05-10,4952
"2020-06-03",2020-05-11,3790
"2020-06-03",2020-05-12,3680
"2020-06-03",2020-05-13,3505
"2020-06-03",2020-05-14,3574
"2020-06-03",2020-05-15,4039
"2020-06-03",2020-05-16,3324
"2020-06-03",2020-05-17,3259
"2020-06-03",2020-05-18,3511
"2020-06-03",2020-05-19,2971
"2020-06-03",2020-05-20,3732
"2020-06-03",2020-05-21,2693
"2020-06-03",2020-05-22,2633
"2020-06-03",2020-05-23,2269
"2020-06-03",2020-05-24,2146
"2020-06-03",2020-05-25,2509
"2020-06-03",2020-05-26,1813
"2020-06-03",2020-05-27,1513
"2020-06-03",2020-05-28,1488
"2020-06-03",2020-05-29,1258
"2020-06-03",2020-05-30,957
"2020-06-03",2020-05-31,688
"2020-06-03",2020-06-01,483
"2020-06-03",2020-06-02,230
"2020-06-03",2020-06-03,28
"2020-06-04",2020-01-01,83
"2020-06-04",2020-01-02,57
"2020-06-04",2020-01-03,55
"2020-06-04",2020-01-04,47
"2020-06-04",2020-01-05,62
"2020-06-04",2020-01-06,67
"2020-06-04",2020-01-07,56
"2020-06-04",2020-01-08,53
"2020-06-04",2020-01-09,44
"2020-06-04",2020-01-10,71
"2020-06-04",2020-01-11,53
"2020-06-04",2020-01-12,55
"2020-06-04",2020-01-13,50
"2020-06-04",2020-01-14,64
"2020-06-04",2020-01-15,68
"2020-06-04",2020-01-16,65
"2020-06-04",2020-01-17,67
"2020-06-04",2020-01-18,51
"2020-06-04",2020-01-19,53
"2020-06-04",2020-01-20,58
"2020-06-04",2020-01-21,54
"2020-06-04",2020-01-22,52
"2020-06-04",2020-01-23,57
"2020-06-04",2020-01-24,52
"2020-06-04",2020-01-25,62
"2020-06-04",2020-01-26,58
"2020-06-04",2020-01-27,55
"2020-06-04",2020-01-28,55
"2020-06-04",2020-01-29,56
"2020-06-04",2020-01-30,63
"2020-06-04",2020-01-31,46
"2020-06-04",2020-02-01,85
"2020-06-04",2020-02-02,58
"2020-06-04",2020-02-03,64
"2020-06-04",2020-02-04,72
"2020-06-04",2020-02-05,73
"2020-06-04",2020-02-06,59
"2020-06-04",2020-02-07,74
"2020-06-04",2020-02-08,64
"2020-06-04",2020-02-09,78
"2020-06-04",2020-02-10,103
"2020-06-04",2020-02-11,71
"2020-06-04",2020-02-12,90
"2020-06-04",2020-02-13,78
"2020-06-04",2020-02-14,103
"2020-06-04",2020-02-15,102
"2020-06-04",2020-02-16,104
"2020-06-04",2020-02-17,133
"2020-06-04",2020-02-18,103
"2020-06-04",2020-02-19,103
"2020-06-04",2020-02-20,151
"2020-06-04",2020-02-21,123
"2020-06-04",2020-02-22,133
"2020-06-04",2020-02-23,125
"2020-06-04",2020-02-24,152
"2020-06-04",2020-02-25,170
"2020-06-04",2020-02-26,148
"2020-06-04",2020-02-27,159
"2020-06-04",2020-02-28,163
"2020-06-04",2020-02-29,159
"2020-06-04",2020-03-01,304
"2020-06-04",2020-03-02,243
"2020-06-04",2020-03-03,236
"2020-06-04",2020-03-04,201
"2020-06-04",2020-03-05,249
"2020-06-04",2020-03-06,274
"2020-06-04",2020-03-07,292
"2020-06-04",2020-03-08,355
"2020-06-04",2020-03-09,488
"2020-06-04",2020-03-10,673
"2020-06-04",2020-03-11,593
"2020-06-04",2020-03-12,800
"2020-06-04",2020-03-13,957
"2020-06-04",2020-03-14,1074
"2020-06-04",2020-03-15,1383
"2020-06-04",2020-03-16,1628
"2020-06-04",2020-03-17,1549
"2020-06-04",2020-03-18,1779
"2020-06-04",2020-03-19,1785
"2020-06-04",2020-03-20,2569
"2020-06-04",2020-03-21,1928
"2020-06-04",2020-03-22,1921
"2020-06-04",2020-03-23,2473
"2020-06-04",2020-03-24,2073
"2020-06-04",2020-03-25,2110
"2020-06-04",2020-03-26,2032
"2020-06-04",2020-03-27,2031
"2020-06-04",2020-03-28,1948
"2020-06-04",2020-03-29,1827
"2020-06-04",2020-03-30,2112
"2020-06-04",2020-03-31,1879
"2020-06-04",2020-04-01,2877
"2020-06-04",2020-04-02,2118
"2020-06-04",2020-04-03,2196
"2020-06-04",2020-04-04,2258
"2020-06-04",2020-04-05,2253
"2020-06-04",2020-04-06,2401
"2020-06-04",2020-04-07,2246
"2020-06-04",2020-04-08,2382
"2020-06-04",2020-04-09,2477
"2020-06-04",2020-04-10,3351
"2020-06-04",2020-04-11,2369
"2020-06-04",2020-04-12,2780
"2020-06-04",2020-04-13,3000
"2020-06-04",2020-04-14,2938
"2020-06-04",2020-04-15,3348
"2020-06-04",2020-04-16,2969
"2020-06-04",2020-04-17,3252
"2020-06-04",2020-04-18,3419
"2020-06-04",2020-04-19,3174
"2020-06-04",2020-04-20,4960
"2020-06-04",2020-04-21,3080
"2020-06-04",2020-04-22,3392
"2020-06-04",2020-04-23,3541
"2020-06-04",2020-04-24,3674
"2020-06-04",2020-04-25,3868
"2020-06-04",2020-04-26,3550
"2020-06-04",2020-04-27,3794
"2020-06-04",2020-04-28,3778
"2020-06-04",2020-04-29,3126
"2020-06-04",2020-04-30,4016
"2020-06-04",2020-05-01,5841
"2020-06-04",2020-05-02,3823
"2020-06-04",2020-05-03,3755
"2020-06-04",2020-05-04,4135
"2020-06-04",2020-05-05,4245
"2020-06-04",2020-05-06,3508
"2020-06-04",2020-05-07,3725
"2020-06-04",2020-05-08,3921
"2020-06-04",2020-05-09,3661
"2020-06-04",2020-05-10,5019
"2020-06-04",2020-05-11,3851
"2020-06-04",2020-05-12,3735
"2020-06-04",2020-05-13,3574
"2020-06-04",2020-05-14,3645
"2020-06-04",2020-05-15,4174
"2020-06-04",2020-05-16,3389
"2020-06-04",2020-05-17,3341
"2020-06-04",2020-05-18,3633
"2020-06-04",2020-05-19,3057
"2020-06-04",2020-05-20,3943
"2020-06-04",2020-05-21,2852
"2020-06-04",2020-05-22,2763
"2020-06-04",2020-05-23,2414
"2020-06-04",2020-05-24,2338
"2020-06-04",2020-05-25,2767
"2020-06-04",2020-05-26,2053
"2020-06-04",2020-05-27,1781
"2020-06-04",2020-05-28,1770
"2020-06-04",2020-05-29,1549
"2020-06-04",2020-05-30,1199
"2020-06-04",2020-05-31,997
"2020-06-04",2020-06-01,830
"2020-06-04",2020-06-02,433
"2020-06-04",2020-06-03,179
"2020-06-04",2020-06-04,31
"2020-06-05",2020-01-01,83
"2020-06-05",2020-01-02,58
"2020-06-05",2020-01-03,55
"2020-06-05",2020-01-04,47
"2020-06-05",2020-01-05,62
"2020-06-05",2020-01-06,67
"2020-06-05",2020-01-07,56
"2020-06-05",2020-01-08,53
"2020-06-05",2020-01-09,44
"2020-06-05",2020-01-10,71
"2020-06-05",2020-01-11,53
"2020-06-05",2020-01-12,55
"2020-06-05",2020-01-13,50
"2020-06-05",2020-01-14,64
"2020-06-05",2020-01-15,68
"2020-06-05",2020-01-16,65
"2020-06-05",2020-01-17,67
"2020-06-05",2020-01-18,51
"2020-06-05",2020-01-19,53
"2020-06-05",2020-01-20,58
"2020-06-05",2020-01-21,54
"2020-06-05",2020-01-22,52
"2020-06-05",2020-01-23,57
"2020-06-05",2020-01-24,52
"2020-06-05",2020-01-25,62
"2020-06-05",2020-01-26,58
"2020-06-05",2020-01-27,55
"2020-06-05",2020-01-28,55
"2020-06-05",2020-01-29,56
"2020-06-05",2020-01-30,63
"2020-06-05",2020-01-31,47
"2020-06-05",2020-02-01,85
"2020-06-05",2020-02-02,58
"2020-06-05",2020-02-03,64
"2020-06-05",2020-02-04,72
"2020-06-05",2020-02-05,74
"2020-06-05",2020-02-06,59
"2020-06-05",2020-02-07,74
"2020-06-05",2020-02-08,64
"2020-06-05",2020-02-09,78
"2020-06-05",2020-02-10,104
"2020-06-05",2020-02-11,71
"2020-06-05",2020-02-12,90
"2020-06-05",2020-02-13,78
"2020-06-05",2020-02-14,103
"2020-06-05",2020-02-15,102
"2020-06-05",2020-02-16,104
"2020-06-05",2020-02-17,134
"2020-06-05",2020-02-18,103
"2020-06-05",2020-02-19,104
"2020-06-05",2020-02-20,151
"2020-06-05",2020-02-21,121
"2020-06-05",2020-02-22,133
"2020-06-05",2020-02-23,124
"2020-06-05",2020-02-24,152
"2020-06-05",2020-02-25,170
"2020-06-05",2020-02-26,146
"2020-06-05",2020-02-27,160
"2020-06-05",2020-02-28,164
"2020-06-05",2020-02-29,159
"2020-06-05",2020-03-01,305
"2020-06-05",2020-03-02,243
"2020-06-05",2020-03-03,236
"2020-06-05",2020-03-04,202
"2020-06-05",2020-03-05,250
"2020-06-05",2020-03-06,275
"2020-06-05",2020-03-07,292
"2020-06-05",2020-03-08,355
"2020-06-05",2020-03-09,487
"2020-06-05",2020-03-10,672
"2020-06-05",2020-03-11,595
"2020-06-05",2020-03-12,801
"2020-06-05",2020-03-13,959
"2020-06-05",2020-03-14,1076
"2020-06-05",2020-03-15,1386
"2020-06-05",2020-03-16,1630
"2020-06-05",2020-03-17,1550
"2020-06-05",2020-03-18,1778
"2020-06-05",2020-03-19,1785
"2020-06-05",2020-03-20,2568
"2020-06-05",2020-03-21,1929
"2020-06-05",2020-03-22,1921
"2020-06-05",2020-03-23,2474
"2020-06-05",2020-03-24,2072
"2020-06-05",2020-03-25,2110
"2020-06-05",2020-03-26,2034
"2020-06-05",2020-03-27,2028
"2020-06-05",2020-03-28,1946
"2020-06-05",2020-03-29,1826
"2020-06-05",2020-03-30,2114
"2020-06-05",2020-03-31,1879
"2020-06-05",2020-04-01,2888
"2020-06-05",2020-04-02,2121
"2020-06-05",2020-04-03,2204
"2020-06-05",2020-04-04,2265
"2020-06-05",2020-04-05,2258
"2020-06-05",2020-04-06,2407
"2020-06-05",2020-04-07,2250
"2020-06-05",2020-04-08,2393
"2020-06-05",2020-04-09,2479
"2020-06-05",2020-04-10,3357
"2020-06-05",2020-04-11,2374
"2020-06-05",2020-04-12,2783
"2020-06-05",2020-04-13,3007
"2020-06-05",2020-04-14,2946
"2020-06-05",2020-04-15,3357
"2020-06-05",2020-04-16,2973
"2020-06-05",2020-04-17,3259
"2020-06-05",2020-04-18,3429
"2020-06-05",2020-04-19,3184
"2020-06-05",2020-04-20,4977
"2020-06-05",2020-04-21,3094
"2020-06-05",2020-04-22,3407
"2020-06-05",2020-04-23,3560
"2020-06-05",2020-04-24,3684
"2020-06-05",2020-04-25,3888
"2020-06-05",2020-04-26,3572
"2020-06-05",2020-04-27,3817
"2020-06-05",2020-04-28,3806
"2020-06-05",2020-04-29,3133
"2020-06-05",2020-04-30,4051
"2020-06-05",2020-05-01,5904
"2020-06-05",2020-05-02,3862
"2020-06-05",2020-05-03,3790
"2020-06-05",2020-05-04,4190
"2020-06-05",2020-05-05,4294
"2020-06-05",2020-05-06,3548
"2020-06-05",2020-05-07,3740
"2020-06-05",2020-05-08,3946
"2020-06-05",2020-05-09,3693
"2020-06-05",2020-05-10,5081
"2020-06-05",2020-05-11,3892
"2020-06-05",2020-05-12,3773
"2020-06-05",2020-05-13,3615
"2020-06-05",2020-05-14,3699
"2020-06-05",2020-05-15,4244
"2020-06-05",2020-05-16,3434
"2020-06-05",2020-05-17,3389
"2020-06-05",2020-05-18,3700
"2020-06-05",2020-05-19,3130
"2020-06-05",2020-05-20,4065
"2020-06-05",2020-05-21,2932
"2020-06-05",2020-05-22,2868
"2020-06-05",2020-05-23,2525
"2020-06-05",2020-05-24,2442
"2020-06-05",2020-05-25,2978
"2020-06-05",2020-05-26,2197
"2020-06-05",2020-05-27,1955
"2020-06-05",2020-05-28,2001
"2020-06-05",2020-05-29,1817
"2020-06-05",2020-05-30,1459
"2020-06-05",2020-05-31,1289
"2020-06-05",2020-06-01,1196
"2020-06-05",2020-06-02,710
"2020-06-05",2020-06-03,419
"2020-06-05",2020-06-04,236
"2020-06-05",2020-06-05,38
"2020-06-06",2020-01-01,83
"2020-06-06",2020-01-02,58
"2020-06-06",2020-01-03,55
"2020-06-06",2020-01-04,47
"2020-06-06",2020-01-05,62
"2020-06-06",2020-01-06,67
"2020-06-06",2020-01-07,56
"2020-06-06",2020-01-08,53
"2020-06-06",2020-01-09,44
"2020-06-06",2020-01-10,71
"2020-06-06",2020-01-11,53
"2020-06-06",2020-01-12,55
"2020-06-06",2020-01-13,50
"2020-06-06",2020-01-14,64
"2020-06-06",2020-01-15,68
"2020-06-06",2020-01-16,65
"2020-06-06",2020-01-17,67
"2020-06-06",2020-01-18,51
"2020-06-06",2020-01-19,53
"2020-06-06",2020-01-20,58
"2020-06-06",2020-01-21,54
"2020-06-06",2020-01-22,52
"2020-06-06",2020-01-23,57
"2020-06-06",2020-01-24,52
"2020-06-06",2020-01-25,62
"2020-06-06",2020-01-26,58
"2020-06-06",2020-01-27,55
"2020-06-06",2020-01-28,55
"2020-06-06",2020-01-29,56
"2020-06-06",2020-01-30,63
"2020-06-06",2020-01-31,47
"2020-06-06",2020-02-01,85
"2020-06-06",2020-02-02,58
"2020-06-06",2020-02-03,64
"2020-06-06",2020-02-04,72
"2020-06-06",2020-02-05,74
"2020-06-06",2020-02-06,59
"2020-06-06",2020-02-07,74
"2020-06-06",2020-02-08,64
"2020-06-06",2020-02-09,78
"2020-06-06",2020-02-10,104
"2020-06-06",2020-02-11,71
"2020-06-06",2020-02-12,90
"2020-06-06",2020-02-13,78
"2020-06-06",2020-02-14,103
"2020-06-06",2020-02-15,102
"2020-06-06",2020-02-16,105
"2020-06-06",2020-02-17,134
"2020-06-06",2020-02-18,103
"2020-06-06",2020-02-19,104
"2020-06-06",2020-02-20,151
"2020-06-06",2020-02-21,121
"2020-06-06",2020-02-22,133
"2020-06-06",2020-02-23,123
"2020-06-06",2020-02-24,152
"2020-06-06",2020-02-25,170
"2020-06-06",2020-02-26,146
"2020-06-06",2020-02-27,160
"2020-06-06",2020-02-28,164
"2020-06-06",2020-02-29,159
"2020-06-06",2020-03-01,305
"2020-06-06",2020-03-02,243
"2020-06-06",2020-03-03,236
"2020-06-06",2020-03-04,202
"2020-06-06",2020-03-05,251
"2020-06-06",2020-03-06,275
"2020-06-06",2020-03-07,292
"2020-06-06",2020-03-08,355
"2020-06-06",2020-03-09,487
"2020-06-06",2020-03-10,672
"2020-06-06",2020-03-11,594
"2020-06-06",2020-03-12,802
"2020-06-06",2020-03-13,959
"2020-06-06",2020-03-14,1077
"2020-06-06",2020-03-15,1386
"2020-06-06",2020-03-16,1630
"2020-06-06",2020-03-17,1549
"2020-06-06",2020-03-18,1778
"2020-06-06",2020-03-19,1785
"2020-06-06",2020-03-20,2569
"2020-06-06",2020-03-21,1931
"2020-06-06",2020-03-22,1921
"2020-06-06",2020-03-23,2476
"2020-06-06",2020-03-24,2076
"2020-06-06",2020-03-25,2113
"2020-06-06",2020-03-26,2035
"2020-06-06",2020-03-27,2030
"2020-06-06",2020-03-28,1947
"2020-06-06",2020-03-29,1826
"2020-06-06",2020-03-30,2115
"2020-06-06",2020-03-31,1877
"2020-06-06",2020-04-01,2893
"2020-06-06",2020-04-02,2125
"2020-06-06",2020-04-03,2206
"2020-06-06",2020-04-04,2270
"2020-06-06",2020-04-05,2261
"2020-06-06",2020-04-06,2409
"2020-06-06",2020-04-07,2251
"2020-06-06",2020-04-08,2394
"2020-06-06",2020-04-09,2481
"2020-06-06",2020-04-10,3357
"2020-06-06",2020-04-11,2376
"2020-06-06",2020-04-12,2783
"2020-06-06",2020-04-13,3010
"2020-06-06",2020-04-14,2948
"2020-06-06",2020-04-15,3362
"2020-06-06",2020-04-16,2976
"2020-06-06",2020-04-17,3261
"2020-06-06",2020-04-18,3434
"2020-06-06",2020-04-19,3190
"2020-06-06",2020-04-20,4985
"2020-06-06",2020-04-21,3104
"2020-06-06",2020-04-22,3413
"2020-06-06",2020-04-23,3565
"2020-06-06",2020-04-24,3694
"2020-06-06",2020-04-25,3896
"2020-06-06",2020-04-26,3587
"2020-06-06",2020-04-27,3822
"2020-06-06",2020-04-28,3816
"2020-06-06",2020-04-29,3139
"2020-06-06",2020-04-30,4069
"2020-06-06",2020-05-01,5933
"2020-06-06",2020-05-02,3875
"2020-06-06",2020-05-03,3797
"2020-06-06",2020-05-04,4217
"2020-06-06",2020-05-05,4315
"2020-06-06",2020-05-06,3562
"2020-06-06",2020-05-07,3758
"2020-06-06",2020-05-08,3962
"2020-06-06",2020-05-09,3706
"2020-06-06",2020-05-10,5111
"2020-06-06",2020-05-11,3909
"2020-06-06",2020-05-12,3795
"2020-06-06",2020-05-13,3629
"2020-06-06",2020-05-14,3725
"2020-06-06",2020-05-15,4281
"2020-06-06",2020-05-16,3451
"2020-06-06",2020-05-17,3403
"2020-06-06",2020-05-18,3729
"2020-06-06",2020-05-19,3163
"2020-06-06",2020-05-20,4106
"2020-06-06",2020-05-21,2964
"2020-06-06",2020-05-22,2905
"2020-06-06",2020-05-23,2580
"2020-06-06",2020-05-24,2477
"2020-06-06",2020-05-25,3040
"2020-06-06",2020-05-26,2283
"2020-06-06",2020-05-27,2027
"2020-06-06",2020-05-28,2084
"2020-06-06",2020-05-29,1921
"2020-06-06",2020-05-30,1534
"2020-06-06",2020-05-31,1383
"2020-06-06",2020-06-01,1356
"2020-06-06",2020-06-02,813
"2020-06-06",2020-06-03,519
"2020-06-06",2020-06-04,298
"2020-06-06",2020-06-05,96
"2020-06-06",2020-06-06,12
"2020-06-07",2020-01-01,83
"2020-06-07",2020-01-02,58
"2020-06-07",2020-01-03,55
"2020-06-07",2020-01-04,47
"2020-06-07",2020-01-05,62
"2020-06-07",2020-01-06,67
"2020-06-07",2020-01-07,56
"2020-06-07",2020-01-08,53
"2020-06-07",2020-01-09,44
"2020-06-07",2020-01-10,71
"2020-06-07",2020-01-11,53
"2020-06-07",2020-01-12,55
"2020-06-07",2020-01-13,50
"2020-06-07",2020-01-14,64
"2020-06-07",2020-01-15,68
"2020-06-07",2020-01-16,65
"2020-06-07",2020-01-17,67
"2020-06-07",2020-01-18,51
"2020-06-07",2020-01-19,53
"2020-06-07",2020-01-20,58
"2020-06-07",2020-01-21,54
"2020-06-07",2020-01-22,52
"2020-06-07",2020-01-23,57
"2020-06-07",2020-01-24,52
"2020-06-07",2020-01-25,62
"2020-06-07",2020-01-26,58
"2020-06-07",2020-01-27,55
"2020-06-07",2020-01-28,55
"2020-06-07",2020-01-29,56
"2020-06-07",2020-01-30,63
"2020-06-07",2020-01-31,47
"2020-06-07",2020-02-01,85
"2020-06-07",2020-02-02,58
"2020-06-07",2020-02-03,64
"2020-06-07",2020-02-04,72
"2020-06-07",2020-02-05,74
"2020-06-07",2020-02-06,59
"2020-06-07",2020-02-07,74
"2020-06-07",2020-02-08,64
"2020-06-07",2020-02-09,78
"2020-06-07",2020-02-10,104
"2020-06-07",2020-02-11,71
"2020-06-07",2020-02-12,90
"2020-06-07",2020-02-13,78
"2020-06-07",2020-02-14,103
"2020-06-07",2020-02-15,102
"2020-06-07",2020-02-16,105
"2020-06-07",2020-02-17,134
"2020-06-07",2020-02-18,103
"2020-06-07",2020-02-19,103
"2020-06-07",2020-02-20,151
"2020-06-07",2020-02-21,121
"2020-06-07",2020-02-22,133
"2020-06-07",2020-02-23,123
"2020-06-07",2020-02-24,152
"2020-06-07",2020-02-25,169
"2020-06-07",2020-02-26,146
"2020-06-07",2020-02-27,160
"2020-06-07",2020-02-28,164
"2020-06-07",2020-02-29,159
"2020-06-07",2020-03-01,306
"2020-06-07",2020-03-02,244
"2020-06-07",2020-03-03,236
"2020-06-07",2020-03-04,202
"2020-06-07",2020-03-05,252
"2020-06-07",2020-03-06,275
"2020-06-07",2020-03-07,292
"2020-06-07",2020-03-08,355
"2020-06-07",2020-03-09,487
"2020-06-07",2020-03-10,672
"2020-06-07",2020-03-11,594
"2020-06-07",2020-03-12,803
"2020-06-07",2020-03-13,959
"2020-06-07",2020-03-14,1077
"2020-06-07",2020-03-15,1386
"2020-06-07",2020-03-16,1630
"2020-06-07",2020-03-17,1549
"2020-06-07",2020-03-18,1778
"2020-06-07",2020-03-19,1786
"2020-06-07",2020-03-20,2569
"2020-06-07",2020-03-21,1933
"2020-06-07",2020-03-22,1921
"2020-06-07",2020-03-23,2479
"2020-06-07",2020-03-24,2077
"2020-06-07",2020-03-25,2114
"2020-06-07",2020-03-26,2035
"2020-06-07",2020-03-27,2029
"2020-06-07",2020-03-28,1949
"2020-06-07",2020-03-29,1827
"2020-06-07",2020-03-30,2117
"2020-06-07",2020-03-31,1878
"2020-06-07",2020-04-01,2893
"2020-06-07",2020-04-02,2126
"2020-06-07",2020-04-03,2208
"2020-06-07",2020-04-04,2272
"2020-06-07",2020-04-05,2266
"2020-06-07",2020-04-06,2411
"2020-06-07",2020-04-07,2252
"2020-06-07",2020-04-08,2397
"2020-06-07",2020-04-09,2486
"2020-06-07",2020-04-10,3361
"2020-06-07",2020-04-11,2376
"2020-06-07",2020-04-12,2788
"2020-06-07",2020-04-13,3015
"2020-06-07",2020-04-14,2951
"2020-06-07",2020-04-15,3366
"2020-06-07",2020-04-16,2981
"2020-06-07",2020-04-17,3267
"2020-06-07",2020-04-18,3443
"2020-06-07",2020-04-19,3194
"2020-06-07",2020-04-20,4998
"2020-06-07",2020-04-21,3110
"2020-06-07",2020-04-22,3420
"2020-06-07",2020-04-23,3573
"2020-06-07",2020-04-24,3706
"2020-06-07",2020-04-25,3909
"2020-06-07",2020-04-26,3622
"2020-06-07",2020-04-27,3839
"2020-06-07",2020-04-28,3829
"2020-06-07",2020-04-29,3151
"2020-06-07",2020-04-30,4093
"2020-06-07",2020-05-01,5956
"2020-06-07",2020-05-02,3889
"2020-06-07",2020-05-03,3805
"2020-06-07",2020-05-04,4236
"2020-06-07",2020-05-05,4331
"2020-06-07",2020-05-06,3579
"2020-06-07",2020-05-07,3773
"2020-06-07",2020-05-08,3983
"2020-06-07",2020-05-09,3728
"2020-06-07",2020-05-10,5142
"2020-06-07",2020-05-11,3923
"2020-06-07",2020-05-12,3814
"2020-06-07",2020-05-13,3649
"2020-06-07",2020-05-14,3744
"2020-06-07",2020-05-15,4308
"2020-06-07",2020-05-16,3474
"2020-06-07",2020-05-17,3417
"2020-06-07",2020-05-18,3748
"2020-06-07",2020-05-19,3180
"2020-06-07",2020-05-20,4144
"2020-06-07",2020-05-21,2996
"2020-06-07",2020-05-22,2932
"2020-06-07",2020-05-23,2610
"2020-06-07",2020-05-24,2506
"2020-06-07",2020-05-25,3093
"2020-06-07",2020-05-26,2325
"2020-06-07",2020-05-27,2076
"2020-06-07",2020-05-28,2152
"2020-06-07",2020-05-29,1973
"2020-06-07",2020-05-30,1600
"2020-06-07",2020-05-31,1460
"2020-06-07",2020-06-01,1483
"2020-06-07",2020-06-02,871
"2020-06-07",2020-06-03,606
"2020-06-07",2020-06-04,380
"2020-06-07",2020-06-05,161
"2020-06-07",2020-06-06,84
"2020-06-07",2020-06-07,9
"2020-06-08",2020-01-01,83
"2020-06-08",2020-01-02,57
"2020-06-08",2020-01-03,55
"2020-06-08",2020-01-04,47
"2020-06-08",2020-01-05,62
"2020-06-08",2020-01-06,68
"2020-06-08",2020-01-07,56
"2020-06-08",2020-01-08,53
"2020-06-08",2020-01-09,44
"2020-06-08",2020-01-10,71
"2020-06-08",2020-01-11,53
"2020-06-08",2020-01-12,55
"2020-06-08",2020-01-13,50
"2020-06-08",2020-01-14,64
"2020-06-08",2020-01-15,68
"2020-06-08",2020-01-16,65
"2020-06-08",2020-01-17,66
"2020-06-08",2020-01-18,51
"2020-06-08",2020-01-19,53
"2020-06-08",2020-01-20,58
"2020-06-08",2020-01-21,54
"2020-06-08",2020-01-22,52
"2020-06-08",2020-01-23,57
"2020-06-08",2020-01-24,52
"2020-06-08",2020-01-25,62
"2020-06-08",2020-01-26,58
"2020-06-08",2020-01-27,55
"2020-06-08",2020-01-28,55
"2020-06-08",2020-01-29,56
"2020-06-08",2020-01-30,62
"2020-06-08",2020-01-31,47
"2020-06-08",2020-02-01,84
"2020-06-08",2020-02-02,58
"2020-06-08",2020-02-03,64
"2020-06-08",2020-02-04,72
"2020-06-08",2020-02-05,74
"2020-06-08",2020-02-06,60
"2020-06-08",2020-02-07,74
"2020-06-08",2020-02-08,64
"2020-06-08",2020-02-09,78
"2020-06-08",2020-02-10,104
"2020-06-08",2020-02-11,71
"2020-06-08",2020-02-12,90
"2020-06-08",2020-02-13,78
"2020-06-08",2020-02-14,103
"2020-06-08",2020-02-15,101
"2020-06-08",2020-02-16,105
"2020-06-08",2020-02-17,134
"2020-06-08",2020-02-18,103
"2020-06-08",2020-02-19,104
"2020-06-08",2020-02-20,151
"2020-06-08",2020-02-21,121
"2020-06-08",2020-02-22,135
"2020-06-08",2020-02-23,124
"2020-06-08",2020-02-24,152
"2020-06-08",2020-02-25,170
"2020-06-08",2020-02-26,146
"2020-06-08",2020-02-27,160
"2020-06-08",2020-02-28,165
"2020-06-08",2020-02-29,160
"2020-06-08",2020-03-01,309
"2020-06-08",2020-03-02,243
"2020-06-08",2020-03-03,235
"2020-06-08",2020-03-04,203
"2020-06-08",2020-03-05,252
"2020-06-08",2020-03-06,275
"2020-06-08",2020-03-07,292
"2020-06-08",2020-03-08,354
"2020-06-08",2020-03-09,487
"2020-06-08",2020-03-10,672
"2020-06-08",2020-03-11,593
"2020-06-08",2020-03-12,801
"2020-06-08",2020-03-13,960
"2020-06-08",2020-03-14,1076
"2020-06-08",2020-03-15,1387
"2020-06-08",2020-03-16,1626
"2020-06-08",2020-03-17,1548
"2020-06-08",2020-03-18,1781
"2020-06-08",2020-03-19,1784
"2020-06-08",2020-03-20,2574
"2020-06-08",2020-03-21,1932
"2020-06-08",2020-03-22,1919
"2020-06-08",2020-03-23,2485
"2020-06-08",2020-03-24,2076
"2020-06-08",2020-03-25,2109
"2020-06-08",2020-03-26,2034
"2020-06-08",2020-03-27,2029
"2020-06-08",2020-03-28,1946
"2020-06-08",2020-03-29,1830
"2020-06-08",2020-03-30,2117
"2020-06-08",2020-03-31,1877
"2020-06-08",2020-04-01,2899
"2020-06-08",2020-04-02,2133
"2020-06-08",2020-04-03,2214
"2020-06-08",2020-04-04,2270
"2020-06-08",2020-04-05,2273
"2020-06-08",2020-04-06,2419
"2020-06-08",2020-04-07,2257
"2020-06-08",2020-04-08,2405
"2020-06-08",2020-04-09,2499
"2020-06-08",2020-04-10,3372
"2020-06-08",2020-04-11,2378
"2020-06-08",2020-04-12,2796
"2020-06-08",2020-04-13,3031
"2020-06-08",2020-04-14,2955
"2020-06-08",2020-04-15,3388
"2020-06-08",2020-04-16,3005
"2020-06-08",2020-04-17,3278
"2020-06-08",2020-04-18,3450
"2020-06-08",2020-04-19,3201
"2020-06-08",2020-04-20,5024
"2020-06-08",2020-04-21,3121
"2020-06-08",2020-04-22,3442
"2020-06-08",2020-04-23,3591
"2020-06-08",2020-04-24,3729
"2020-06-08",2020-04-25,3917
"2020-06-08",2020-04-26,3645
"2020-06-08",2020-04-27,3850
"2020-06-08",2020-04-28,3848
"2020-06-08",2020-04-29,3167
"2020-06-08",2020-04-30,4121
"2020-06-08",2020-05-01,6005
"2020-06-08",2020-05-02,3926
"2020-06-08",2020-05-03,3822
"2020-06-08",2020-05-04,4272
"2020-06-08",2020-05-05,4380
"2020-06-08",2020-05-06,3604
"2020-06-08",2020-05-07,3797
"2020-06-08",2020-05-08,4009
"2020-06-08",2020-05-09,3759
"2020-06-08",2020-05-10,5185
"2020-06-08",2020-05-11,3959
"2020-06-08",2020-05-12,3827
"2020-06-08",2020-05-13,3700
"2020-06-08",2020-05-14,3770
"2020-06-08",2020-05-15,4373
"2020-06-08",2020-05-16,3517
"2020-06-08",2020-05-17,3466
"2020-06-08",2020-05-18,3825
"2020-06-08",2020-05-19,3239
"2020-06-08",2020-05-20,4272
"2020-06-08",2020-05-21,3060
"2020-06-08",2020-05-22,3034
"2020-06-08",2020-05-23,2718
"2020-06-08",2020-05-24,2625
"2020-06-08",2020-05-25,3270
"2020-06-08",2020-05-26,2482
"2020-06-08",2020-05-27,2237
"2020-06-08",2020-05-28,2371
"2020-06-08",2020-05-29,2201
"2020-06-08",2020-05-30,1885
"2020-06-08",2020-05-31,1735
"2020-06-08",2020-06-01,2017
"2020-06-08",2020-06-02,1169
"2020-06-08",2020-06-03,956
"2020-06-08",2020-06-04,703
"2020-06-08",2020-06-05,487
"2020-06-08",2020-06-06,314
"2020-06-08",2020-06-07,117
"2020-06-08",2020-06-08,24
"2020-06-09",2019-12-29,42
"2020-06-09",2019-12-30,47
"2020-06-09",2019-12-31,49
"2020-06-09",2020-01-01,82
"2020-06-09",2020-01-02,56
"2020-06-09",2020-01-03,55
"2020-06-09",2020-01-04,47
"2020-06-09",2020-01-05,62
"2020-06-09",2020-01-06,68
"2020-06-09",2020-01-07,56
"2020-06-09",2020-01-08,53
"2020-06-09",2020-01-09,44
"2020-06-09",2020-01-10,71
"2020-06-09",2020-01-11,53
"2020-06-09",2020-01-12,55
"2020-06-09",2020-01-13,50
"2020-06-09",2020-01-14,64
"2020-06-09",2020-01-15,67
"2020-06-09",2020-01-16,64
"2020-06-09",2020-01-17,66
"2020-06-09",2020-01-18,51
"2020-06-09",2020-01-19,53
"2020-06-09",2020-01-20,58
"2020-06-09",2020-01-21,54
"2020-06-09",2020-01-22,52
"2020-06-09",2020-01-23,57
"2020-06-09",2020-01-24,52
"2020-06-09",2020-01-25,61
"2020-06-09",2020-01-26,57
"2020-06-09",2020-01-27,54
"2020-06-09",2020-01-28,55
"2020-06-09",2020-01-29,56
"2020-06-09",2020-01-30,62
"2020-06-09",2020-01-31,47
"2020-06-09",2020-02-01,84
"2020-06-09",2020-02-02,58
"2020-06-09",2020-02-03,64
"2020-06-09",2020-02-04,71
"2020-06-09",2020-02-05,74
"2020-06-09",2020-02-06,60
"2020-06-09",2020-02-07,74
"2020-06-09",2020-02-08,63
"2020-06-09",2020-02-09,78
"2020-06-09",2020-02-10,102
"2020-06-09",2020-02-11,71
"2020-06-09",2020-02-12,90
"2020-06-09",2020-02-13,78
"2020-06-09",2020-02-14,101
"2020-06-09",2020-02-15,98
"2020-06-09",2020-02-16,105
"2020-06-09",2020-02-17,134
"2020-06-09",2020-02-18,103
"2020-06-09",2020-02-19,104
"2020-06-09",2020-02-20,151
"2020-06-09",2020-02-21,121
"2020-06-09",2020-02-22,135
"2020-06-09",2020-02-23,124
"2020-06-09",2020-02-24,152
"2020-06-09",2020-02-25,170
"2020-06-09",2020-02-26,146
"2020-06-09",2020-02-27,160
"2020-06-09",2020-02-28,165
"2020-06-09",2020-02-29,160
"2020-06-09",2020-03-01,313
"2020-06-09",2020-03-02,243
"2020-06-09",2020-03-03,235
"2020-06-09",2020-03-04,203
"2020-06-09",2020-03-05,252
"2020-06-09",2020-03-06,276
"2020-06-09",2020-03-07,293
"2020-06-09",2020-03-08,355
"2020-06-09",2020-03-09,487
"2020-06-09",2020-03-10,673
"2020-06-09",2020-03-11,592
"2020-06-09",2020-03-12,801
"2020-06-09",2020-03-13,960
"2020-06-09",2020-03-14,1078
"2020-06-09",2020-03-15,1390
"2020-06-09",2020-03-16,1625
"2020-06-09",2020-03-17,1550
"2020-06-09",2020-03-18,1779
"2020-06-09",2020-03-19,1784
"2020-06-09",2020-03-20,2572
"2020-06-09",2020-03-21,1930
"2020-06-09",2020-03-22,1919
"2020-06-09",2020-03-23,2485
"2020-06-09",2020-03-24,2078
"2020-06-09",2020-03-25,2109
"2020-06-09",2020-03-26,2039
"2020-06-09",2020-03-27,2028
"2020-06-09",2020-03-28,1945
"2020-06-09",2020-03-29,1830
"2020-06-09",2020-03-30,2120
"2020-06-09",2020-03-31,1877
"2020-06-09",2020-04-01,2902
"2020-06-09",2020-04-02,2133
"2020-06-09",2020-04-03,2221
"2020-06-09",2020-04-04,2274
"2020-06-09",2020-04-05,2275
"2020-06-09",2020-04-06,2422
"2020-06-09",2020-04-07,2265
"2020-06-09",2020-04-08,2409
"2020-06-09",2020-04-09,2503
"2020-06-09",2020-04-10,3377
"2020-06-09",2020-04-11,2384
"2020-06-09",2020-04-12,2798
"2020-06-09",2020-04-13,3040
"2020-06-09",2020-04-14,2962
"2020-06-09",2020-04-15,3396
"2020-06-09",2020-04-16,3009
"2020-06-09",2020-04-17,3282
"2020-06-09",2020-04-18,3455
"2020-06-09",2020-04-19,3213
"2020-06-09",2020-04-20,5044
"2020-06-09",2020-04-21,3132
"2020-06-09",2020-04-22,3455
"2020-06-09",2020-04-23,3602
"2020-06-09",2020-04-24,3746
"2020-06-09",2020-04-25,3930
"2020-06-09",2020-04-26,3655
"2020-06-09",2020-04-27,3862
"2020-06-09",2020-04-28,3854
"2020-06-09",2020-04-29,3184
"2020-06-09",2020-04-30,4132
"2020-06-09",2020-05-01,6019
"2020-06-09",2020-05-02,3941
"2020-06-09",2020-05-03,3843
"2020-06-09",2020-05-04,4285
"2020-06-09",2020-05-05,4394
"2020-06-09",2020-05-06,3618
"2020-06-09",2020-05-07,3809
"2020-06-09",2020-05-08,4030
"2020-06-09",2020-05-09,3776
"2020-06-09",2020-05-10,5207
"2020-06-09",2020-05-11,3973
"2020-06-09",2020-05-12,3838
"2020-06-09",2020-05-13,3717
"2020-06-09",2020-05-14,3778
"2020-06-09",2020-05-15,4397
"2020-06-09",2020-05-16,3543
"2020-06-09",2020-05-17,3485
"2020-06-09",2020-05-18,3856
"2020-06-09",2020-05-19,3275
"2020-06-09",2020-05-20,4326
"2020-06-09",2020-05-21,3097
"2020-06-09",2020-05-22,3075
"2020-06-09",2020-05-23,2752
"2020-06-09",2020-05-24,2673
"2020-06-09",2020-05-25,3350
"2020-06-09",2020-05-26,2543
"2020-06-09",2020-05-27,2312
"2020-06-09",2020-05-28,2474
"2020-06-09",2020-05-29,2304
"2020-06-09",2020-05-30,2023
"2020-06-09",2020-05-31,1866
"2020-06-09",2020-06-01,2282
"2020-06-09",2020-06-02,1311
"2020-06-09",2020-06-03,1128
"2020-06-09",2020-06-04,874
"2020-06-09",2020-06-05,654
"2020-06-09",2020-06-06,461
"2020-06-09",2020-06-07,209
"2020-06-09",2020-06-08,85
"2020-06-09",2020-06-09,6
"2020-06-16",2019-12-29,13
"2020-06-16",2019-12-30,9
"2020-06-16",2019-12-31,3
"2020-06-16",2020-01-01,5
"2020-06-16",2020-01-02,3
"2020-06-16",2020-01-03,1
"2020-06-16",2020-01-04,1
"2020-06-16",2020-01-05,1
"2020-06-16",2020-01-06,4
"2020-06-16",2020-01-07,2
"2020-06-16",2020-01-10,5
"2020-06-16",2020-01-11,1
"2020-06-16",2020-01-12,1
"2020-06-16",2020-01-14,2
"2020-06-16",2020-01-15,3
"2020-06-16",2020-01-16,2
"2020-06-16",2020-01-17,1
"2020-06-16",2020-01-18,5
"2020-06-16",2020-01-19,1
"2020-06-16",2020-01-20,3
"2020-06-16",2020-01-21,2
"2020-06-16",2020-01-22,1
"2020-06-16",2020-01-23,3
"2020-06-16",2020-01-24,1
"2020-06-16",2020-01-25,1
"2020-06-16",2020-01-26,3
"2020-06-16",2020-01-28,2
"2020-06-16",2020-01-29,1
"2020-06-16",2020-01-30,6
"2020-06-16",2020-01-31,2
"2020-06-16",2020-02-01,11
"2020-06-16",2020-02-02,5
"2020-06-16",2020-02-03,3
"2020-06-16",2020-02-04,3
"2020-06-16",2020-02-05,7
"2020-06-16",2020-02-06,5
"2020-06-16",2020-02-08,2
"2020-06-16",2020-02-09,4
"2020-06-16",2020-02-10,7
"2020-06-16",2020-02-11,7
"2020-06-16",2020-02-12,2
"2020-06-16",2020-02-13,5
"2020-06-16",2020-02-14,4
"2020-06-16",2020-02-15,5
"2020-06-16",2020-02-16,11
"2020-06-16",2020-02-17,8
"2020-06-16",2020-02-18,11
"2020-06-16",2020-02-19,7
"2020-06-16",2020-02-20,15
"2020-06-16",2020-02-21,9
"2020-06-16",2020-02-22,9
"2020-06-16",2020-02-23,8
"2020-06-16",2020-02-24,8
"2020-06-16",2020-02-25,8
"2020-06-16",2020-02-26,7
"2020-06-16",2020-02-27,19
"2020-06-16",2020-02-28,14
"2020-06-16",2020-02-29,4
"2020-06-16",2020-03-01,52
"2020-06-16",2020-03-02,29
"2020-06-16",2020-03-03,28
"2020-06-16",2020-03-04,23
"2020-06-16",2020-03-05,29
"2020-06-16",2020-03-06,36
"2020-06-16",2020-03-07,27
"2020-06-16",2020-03-08,32
"2020-06-16",2020-03-09,46
"2020-06-16",2020-03-10,73
"2020-06-16",2020-03-11,59
"2020-06-16",2020-03-12,83
"2020-06-16",2020-03-13,90
"2020-06-16",2020-03-14,109
"2020-06-16",2020-03-15,162
"2020-06-16",2020-03-16,134
"2020-06-16",2020-03-17,144
"2020-06-16",2020-03-18,177
"2020-06-16",2020-03-19,151
"2020-06-16",2020-03-20,273
"2020-06-16",2020-03-21,197
"2020-06-16",2020-03-22,181
"2020-06-16",2020-03-23,276
"2020-06-16",2020-03-24,230
"2020-06-16",2020-03-25,259
"2020-06-16",2020-03-26,230
"2020-06-16",2020-03-27,285
"2020-06-16",2020-03-28,263
"2020-06-16",2020-03-29,239
"2020-06-16",2020-03-30,342
"2020-06-16",2020-03-31,292
"2020-06-16",2020-04-01,624
"2020-06-16",2020-04-02,463
"2020-06-16",2020-04-03,478
"2020-06-16",2020-04-04,547
"2020-06-16",2020-04-05,539
"2020-06-16",2020-04-06,616
"2020-06-16",2020-04-07,599
"2020-06-16",2020-04-08,703
"2020-06-16",2020-04-09,742
"2020-06-16",2020-04-10,1230
"2020-06-16",2020-04-11,769
"2020-06-16",2020-04-12,1018
"2020-06-16",2020-04-13,1123
"2020-06-16",2020-04-14,1305
"2020-06-16",2020-04-15,1645
"2020-06-16",2020-04-16,1478
"2020-06-16",2020-04-17,1705
"2020-06-16",2020-04-18,1915
"2020-06-16",2020-04-19,1930
"2020-06-16",2020-04-20,3640
"2020-06-16",2020-04-21,2270
"2020-06-16",2020-04-22,2632
"2020-06-16",2020-04-23,2927
"2020-06-16",2020-04-24,3296
"2020-06-16",2020-04-25,3714
"2020-06-16",2020-04-26,3550
"2020-06-16",2020-04-27,3871
"2020-06-16",2020-04-28,4019
"2020-06-16",2020-04-29,3271
"2020-06-16",2020-04-30,4276
"2020-06-16",2020-05-01,6248
"2020-06-16",2020-05-02,4135
"2020-06-16",2020-05-03,4008
"2020-06-16",2020-05-04,4496
"2020-06-16",2020-05-05,4574
"2020-06-16",2020-05-06,3784
"2020-06-16",2020-05-07,3980
"2020-06-16",2020-05-08,4199
"2020-06-16",2020-05-09,3911
"2020-06-16",2020-05-10,5558
"2020-06-16",2020-05-11,4161
"2020-06-16",2020-05-12,4034
"2020-06-16",2020-05-13,3920
"2020-06-16",2020-05-14,3997
"2020-06-16",2020-05-15,4714
"2020-06-16",2020-05-16,3791
"2020-06-16",2020-05-17,3697
"2020-06-16",2020-05-18,4162
"2020-06-16",2020-05-19,3521
"2020-06-16",2020-05-20,4846
"2020-06-16",2020-05-21,3438
"2020-06-16",2020-05-22,3501
"2020-06-16",2020-05-23,3108
"2020-06-16",2020-05-24,3080
"2020-06-16",2020-05-25,4077
"2020-06-16",2020-05-26,3083
"2020-06-16",2020-05-27,2938
"2020-06-16",2020-05-28,3234
"2020-06-16",2020-05-29,3080
"2020-06-16",2020-05-30,2955
"2020-06-16",2020-05-31,2805
"2020-06-16",2020-06-01,4416
"2020-06-16",2020-06-02,2691
"2020-06-16",2020-06-03,2641
"2020-06-16",2020-06-04,2419
"2020-06-16",2020-06-05,2485
"2020-06-16",2020-06-06,2199
"2020-06-16",2020-06-07,1773
"2020-06-16",2020-06-08,1805
"2020-06-16",2020-06-09,1358
"2020-06-16",2020-06-10,1345
"2020-06-16",2020-06-11,877
"2020-06-16",2020-06-12,646
"2020-06-16",2020-06-13,453
"2020-06-16",2020-06-14,282
"2020-06-16",2020-06-15,99
"2020-06-16",2020-06-16,4
"2020-06-16",NA,1
"2020-06-17",2019-12-29,42
"2020-06-17",2019-12-30,47
"2020-06-17",2019-12-31,49
"2020-06-17",2020-01-01,83
"2020-06-17",2020-01-02,56
"2020-06-17",2020-01-03,55
"2020-06-17",2020-01-04,45
"2020-06-17",2020-01-05,63
"2020-06-17",2020-01-06,68
"2020-06-17",2020-01-07,56
"2020-06-17",2020-01-08,53
"2020-06-17",2020-01-09,44
"2020-06-17",2020-01-10,69
"2020-06-17",2020-01-11,52
"2020-06-17",2020-01-12,53
"2020-06-17",2020-01-13,49
"2020-06-17",2020-01-14,64
"2020-06-17",2020-01-15,69
"2020-06-17",2020-01-16,64
"2020-06-17",2020-01-17,65
"2020-06-17",2020-01-18,50
"2020-06-17",2020-01-19,53
"2020-06-17",2020-01-20,58
"2020-06-17",2020-01-21,53
"2020-06-17",2020-01-22,52
"2020-06-17",2020-01-23,58
"2020-06-17",2020-01-24,52
"2020-06-17",2020-01-25,61
"2020-06-17",2020-01-26,57
"2020-06-17",2020-01-27,53
"2020-06-17",2020-01-28,54
"2020-06-17",2020-01-29,55
"2020-06-17",2020-01-30,62
"2020-06-17",2020-01-31,47
"2020-06-17",2020-02-01,85
"2020-06-17",2020-02-02,58
"2020-06-17",2020-02-03,64
"2020-06-17",2020-02-04,71
"2020-06-17",2020-02-05,74
"2020-06-17",2020-02-06,62
"2020-06-17",2020-02-07,74
"2020-06-17",2020-02-08,66
"2020-06-17",2020-02-09,76
"2020-06-17",2020-02-10,99
"2020-06-17",2020-02-11,70
"2020-06-17",2020-02-12,89
"2020-06-17",2020-02-13,78
"2020-06-17",2020-02-14,100
"2020-06-17",2020-02-15,97
"2020-06-17",2020-02-16,106
"2020-06-17",2020-02-17,134
"2020-06-17",2020-02-18,101
"2020-06-17",2020-02-19,103
"2020-06-17",2020-02-20,151
"2020-06-17",2020-02-21,120
"2020-06-17",2020-02-22,133
"2020-06-17",2020-02-23,123
"2020-06-17",2020-02-24,151
"2020-06-17",2020-02-25,170
"2020-06-17",2020-02-26,143
"2020-06-17",2020-02-27,162
"2020-06-17",2020-02-28,161
"2020-06-17",2020-02-29,155
"2020-06-17",2020-03-01,313
"2020-06-17",2020-03-02,243
"2020-06-17",2020-03-03,230
"2020-06-17",2020-03-04,201
"2020-06-17",2020-03-05,251
"2020-06-17",2020-03-06,281
"2020-06-17",2020-03-07,290
"2020-06-17",2020-03-08,355
"2020-06-17",2020-03-09,484
"2020-06-17",2020-03-10,668
"2020-06-17",2020-03-11,592
"2020-06-17",2020-03-12,804
"2020-06-17",2020-03-13,955
"2020-06-17",2020-03-14,1074
"2020-06-17",2020-03-15,1382
"2020-06-17",2020-03-16,1613
"2020-06-17",2020-03-17,1541
"2020-06-17",2020-03-18,1756
"2020-06-17",2020-03-19,1782
"2020-06-17",2020-03-20,2560
"2020-06-17",2020-03-21,1930
"2020-06-17",2020-03-22,1910
"2020-06-17",2020-03-23,2461
"2020-06-17",2020-03-24,2072
"2020-06-17",2020-03-25,2101
"2020-06-17",2020-03-26,2027
"2020-06-17",2020-03-27,2023
"2020-06-17",2020-03-28,1928
"2020-06-17",2020-03-29,1831
"2020-06-17",2020-03-30,2119
"2020-06-17",2020-03-31,1882
"2020-06-17",2020-04-01,2903
"2020-06-17",2020-04-02,2138
"2020-06-17",2020-04-03,2216
"2020-06-17",2020-04-04,2279
"2020-06-17",2020-04-05,2276
"2020-06-17",2020-04-06,2444
"2020-06-17",2020-04-07,2290
"2020-06-17",2020-04-08,2423
"2020-06-17",2020-04-09,2528
"2020-06-17",2020-04-10,3461
"2020-06-17",2020-04-11,2428
"2020-06-17",2020-04-12,2843
"2020-06-17",2020-04-13,3077
"2020-06-17",2020-04-14,3038
"2020-06-17",2020-04-15,3508
"2020-06-17",2020-04-16,3087
"2020-06-17",2020-04-17,3347
"2020-06-17",2020-04-18,3553
"2020-06-17",2020-04-19,3298
"2020-06-17",2020-04-20,5219
"2020-06-17",2020-04-21,3225
"2020-06-17",2020-04-22,3545
"2020-06-17",2020-04-23,3708
"2020-06-17",2020-04-24,3854
"2020-06-17",2020-04-25,4117
"2020-06-17",2020-04-26,3773
"2020-06-17",2020-04-27,3976
"2020-06-17",2020-04-28,4038
"2020-06-17",2020-04-29,3282
"2020-06-17",2020-04-30,4283
"2020-06-17",2020-05-01,6280
"2020-06-17",2020-05-02,4163
"2020-06-17",2020-05-03,4022
"2020-06-17",2020-05-04,4528
"2020-06-17",2020-05-05,4600
"2020-06-17",2020-05-06,3812
"2020-06-17",2020-05-07,4001
"2020-06-17",2020-05-08,4221
"2020-06-17",2020-05-09,3932
"2020-06-17",2020-05-10,5599
"2020-06-17",2020-05-11,4194
"2020-06-17",2020-05-12,4064
"2020-06-17",2020-05-13,3951
"2020-06-17",2020-05-14,4026
"2020-06-17",2020-05-15,4748
"2020-06-17",2020-05-16,3819
"2020-06-17",2020-05-17,3726
"2020-06-17",2020-05-18,4188
"2020-06-17",2020-05-19,3552
"2020-06-17",2020-05-20,4900
"2020-06-17",2020-05-21,3465
"2020-06-17",2020-05-22,3544
"2020-06-17",2020-05-23,3158
"2020-06-17",2020-05-24,3114
"2020-06-17",2020-05-25,4155
"2020-06-17",2020-05-26,3142
"2020-06-17",2020-05-27,2990
"2020-06-17",2020-05-28,3301
"2020-06-17",2020-05-29,3143
"2020-06-17",2020-05-30,3036
"2020-06-17",2020-05-31,2884
"2020-06-17",2020-06-01,4598
"2020-06-17",2020-06-02,2812
"2020-06-17",2020-06-03,2753
"2020-06-17",2020-06-04,2560
"2020-06-17",2020-06-05,2681
"2020-06-17",2020-06-06,2372
"2020-06-17",2020-06-07,1939
"2020-06-17",2020-06-08,2051
"2020-06-17",2020-06-09,1558
"2020-06-17",2020-06-10,1619
"2020-06-17",2020-06-11,1030
"2020-06-17",2020-06-12,865
"2020-06-17",2020-06-13,594
"2020-06-17",2020-06-14,394
"2020-06-17",2020-06-15,222
"2020-06-17",2020-06-16,21
"2020-06-23",2019-12-29,42
"2020-06-23",2019-12-30,47
"2020-06-23",2019-12-31,49
"2020-06-23",2020-01-01,83
"2020-06-23",2020-01-02,56
"2020-06-23",2020-01-03,55
"2020-06-23",2020-01-04,44
"2020-06-23",2020-01-05,63
"2020-06-23",2020-01-06,68
"2020-06-23",2020-01-07,56
"2020-06-23",2020-01-08,53
"2020-06-23",2020-01-09,44
"2020-06-23",2020-01-10,69
"2020-06-23",2020-01-11,52
"2020-06-23",2020-01-12,54
"2020-06-23",2020-01-13,49
"2020-06-23",2020-01-14,64
"2020-06-23",2020-01-15,68
"2020-06-23",2020-01-16,65
"2020-06-23",2020-01-17,65
"2020-06-23",2020-01-18,49
"2020-06-23",2020-01-19,53
"2020-06-23",2020-01-20,58
"2020-06-23",2020-01-21,53
"2020-06-23",2020-01-22,52
"2020-06-23",2020-01-23,59
"2020-06-23",2020-01-24,51
"2020-06-23",2020-01-25,61
"2020-06-23",2020-01-26,57
"2020-06-23",2020-01-27,53
"2020-06-23",2020-01-28,54
"2020-06-23",2020-01-29,55
"2020-06-23",2020-01-30,62
"2020-06-23",2020-01-31,47
"2020-06-23",2020-02-01,85
"2020-06-23",2020-02-02,57
"2020-06-23",2020-02-03,64
"2020-06-23",2020-02-04,71
"2020-06-23",2020-02-05,75
"2020-06-23",2020-02-06,61
"2020-06-23",2020-02-07,76
"2020-06-23",2020-02-08,67
"2020-06-23",2020-02-09,77
"2020-06-23",2020-02-10,99
"2020-06-23",2020-02-11,69
"2020-06-23",2020-02-12,88
"2020-06-23",2020-02-13,78
"2020-06-23",2020-02-14,99
"2020-06-23",2020-02-15,97
"2020-06-23",2020-02-16,107
"2020-06-23",2020-02-17,134
"2020-06-23",2020-02-18,101
"2020-06-23",2020-02-19,102
"2020-06-23",2020-02-20,149
"2020-06-23",2020-02-21,122
"2020-06-23",2020-02-22,133
"2020-06-23",2020-02-23,123
"2020-06-23",2020-02-24,150
"2020-06-23",2020-02-25,172
"2020-06-23",2020-02-26,144
"2020-06-23",2020-02-27,164
"2020-06-23",2020-02-28,162
"2020-06-23",2020-02-29,155
"2020-06-23",2020-03-01,313
"2020-06-23",2020-03-02,244
"2020-06-23",2020-03-03,234
"2020-06-23",2020-03-04,203
"2020-06-23",2020-03-05,253
"2020-06-23",2020-03-06,284
"2020-06-23",2020-03-07,292
"2020-06-23",2020-03-08,355
"2020-06-23",2020-03-09,484
"2020-06-23",2020-03-10,671
"2020-06-23",2020-03-11,595
"2020-06-23",2020-03-12,808
"2020-06-23",2020-03-13,953
"2020-06-23",2020-03-14,1071
"2020-06-23",2020-03-15,1383
"2020-06-23",2020-03-16,1615
"2020-06-23",2020-03-17,1545
"2020-06-23",2020-03-18,1759
"2020-06-23",2020-03-19,1784
"2020-06-23",2020-03-20,2572
"2020-06-23",2020-03-21,1933
"2020-06-23",2020-03-22,1913
"2020-06-23",2020-03-23,2466
"2020-06-23",2020-03-24,2082
"2020-06-23",2020-03-25,2106
"2020-06-23",2020-03-26,2036
"2020-06-23",2020-03-27,2033
"2020-06-23",2020-03-28,1928
"2020-06-23",2020-03-29,1838
"2020-06-23",2020-03-30,2133
"2020-06-23",2020-03-31,1886
"2020-06-23",2020-04-01,2924
"2020-06-23",2020-04-02,2147
"2020-06-23",2020-04-03,2238
"2020-06-23",2020-04-04,2288
"2020-06-23",2020-04-05,2302
"2020-06-23",2020-04-06,2464
"2020-06-23",2020-04-07,2318
"2020-06-23",2020-04-08,2430
"2020-06-23",2020-04-09,2556
"2020-06-23",2020-04-10,3499
"2020-06-23",2020-04-11,2456
"2020-06-23",2020-04-12,2877
"2020-06-23",2020-04-13,3114
"2020-06-23",2020-04-14,3086
"2020-06-23",2020-04-15,3555
"2020-06-23",2020-04-16,3142
"2020-06-23",2020-04-17,3398
"2020-06-23",2020-04-18,3598
"2020-06-23",2020-04-19,3369
"2020-06-23",2020-04-20,5334
"2020-06-23",2020-04-21,3292
"2020-06-23",2020-04-22,3642
"2020-06-23",2020-04-23,3777
"2020-06-23",2020-04-24,3947
"2020-06-23",2020-04-25,4213
"2020-06-23",2020-04-26,3831
"2020-06-23",2020-04-27,4063
"2020-06-23",2020-04-28,4134
"2020-06-23",2020-04-29,3376
"2020-06-23",2020-04-30,4412
"2020-06-23",2020-05-01,6480
"2020-06-23",2020-05-02,4288
"2020-06-23",2020-05-03,4150
"2020-06-23",2020-05-04,4687
"2020-06-23",2020-05-05,4742
"2020-06-23",2020-05-06,3935
"2020-06-23",2020-05-07,4134
"2020-06-23",2020-05-08,4347
"2020-06-23",2020-05-09,4081
"2020-06-23",2020-05-10,5817
"2020-06-23",2020-05-11,4377
"2020-06-23",2020-05-12,4244
"2020-06-23",2020-05-13,4098
"2020-06-23",2020-05-14,4197
"2020-06-23",2020-05-15,4964
"2020-06-23",2020-05-16,4003
"2020-06-23",2020-05-17,3900
"2020-06-23",2020-05-18,4438
"2020-06-23",2020-05-19,3765
"2020-06-23",2020-05-20,5294
"2020-06-23",2020-05-21,3688
"2020-06-23",2020-05-22,3777
"2020-06-23",2020-05-23,3395
"2020-06-23",2020-05-24,3365
"2020-06-23",2020-05-25,4578
"2020-06-23",2020-05-26,3443
"2020-06-23",2020-05-27,3284
"2020-06-23",2020-05-28,3657
"2020-06-23",2020-05-29,3462
"2020-06-23",2020-05-30,3484
"2020-06-23",2020-05-31,3257
"2020-06-23",2020-06-01,5622
"2020-06-23",2020-06-02,3560
"2020-06-23",2020-06-03,3459
"2020-06-23",2020-06-04,3350
"2020-06-23",2020-06-05,3714
"2020-06-23",2020-06-06,3378
"2020-06-23",2020-06-07,3072
"2020-06-23",2020-06-08,3476
"2020-06-23",2020-06-09,2896
"2020-06-23",2020-06-10,3623
"2020-06-23",2020-06-11,2619
"2020-06-23",2020-06-12,2700
"2020-06-23",2020-06-13,2294
"2020-06-23",2020-06-14,2125
"2020-06-23",2020-06-15,2234
"2020-06-23",2020-06-16,1652
"2020-06-23",2020-06-17,1337
"2020-06-23",2020-06-18,1156
"2020-06-23",2020-06-19,873
"2020-06-23",2020-06-20,648
"2020-06-23",2020-06-21,356
"2020-06-23",2020-06-22,161
"2020-06-23",2020-06-23,12
