"data","dt_evoluca","n"
"2020-09-14",2020-03-12,1
"2020-09-14",2020-03-15,1
"2020-09-14",2020-03-16,3
"2020-09-14",2020-03-17,4
"2020-09-14",2020-03-18,8
"2020-09-14",2020-03-19,10
"2020-09-14",2020-03-20,18
"2020-09-14",2020-03-21,16
"2020-09-14",2020-03-22,21
"2020-09-14",2020-03-23,38
"2020-09-14",2020-03-24,38
"2020-09-14",2020-03-25,43
"2020-09-14",2020-03-26,57
"2020-09-14",2020-03-27,62
"2020-09-14",2020-03-28,76
"2020-09-14",2020-03-29,73
"2020-09-14",2020-03-30,93
"2020-09-14",2020-03-31,117
"2020-09-14",2020-04-01,116
"2020-09-14",2020-04-02,145
"2020-09-14",2020-04-03,162
"2020-09-14",2020-04-04,183
"2020-09-14",2020-04-05,194
"2020-09-14",2020-04-06,185
"2020-09-14",2020-04-07,213
"2020-09-14",2020-04-08,200
"2020-09-14",2020-04-09,204
"2020-09-14",2020-04-10,247
"2020-09-14",2020-04-11,248
"2020-09-14",2020-04-12,285
"2020-09-14",2020-04-13,312
"2020-09-14",2020-04-14,298
"2020-09-14",2020-04-15,331
"2020-09-14",2020-04-16,352
"2020-09-14",2020-04-17,366
"2020-09-14",2020-04-18,400
"2020-09-14",2020-04-19,448
"2020-09-14",2020-04-20,498
"2020-09-14",2020-04-21,476
"2020-09-14",2020-04-22,573
"2020-09-14",2020-04-23,616
"2020-09-14",2020-04-24,657
"2020-09-14",2020-04-25,692
"2020-09-14",2020-04-26,693
"2020-09-14",2020-04-27,731
"2020-09-14",2020-04-28,830
"2020-09-14",2020-04-29,826
"2020-09-14",2020-04-30,850
"2020-09-14",2020-05-01,861
"2020-09-14",2020-05-02,887
"2020-09-14",2020-05-03,932
"2020-09-14",2020-05-04,971
"2020-09-14",2020-05-05,1024
"2020-09-14",2020-05-06,959
"2020-09-14",2020-05-07,964
"2020-09-14",2020-05-08,1063
"2020-09-14",2020-05-09,1045
"2020-09-14",2020-05-10,1044
"2020-09-14",2020-05-11,1043
"2020-09-14",2020-05-12,1094
"2020-09-14",2020-05-13,1087
"2020-09-14",2020-05-14,1119
"2020-09-14",2020-05-15,1046
"2020-09-14",2020-05-16,1059
"2020-09-14",2020-05-17,1065
"2020-09-14",2020-05-18,1057
"2020-09-14",2020-05-19,1100
"2020-09-14",2020-05-20,1007
"2020-09-14",2020-05-21,1060
"2020-09-14",2020-05-22,1136
"2020-09-14",2020-05-23,1025
"2020-09-14",2020-05-24,962
"2020-09-14",2020-05-25,1109
"2020-09-14",2020-05-26,958
"2020-09-14",2020-05-27,1026
"2020-09-14",2020-05-28,999
"2020-09-14",2020-05-29,1053
"2020-09-14",2020-05-30,993
"2020-09-14",2020-05-31,911
"2020-09-14",2020-06-01,990
"2020-09-14",2020-06-02,957
"2020-09-14",2020-06-03,966
"2020-09-14",2020-06-04,981
"2020-09-14",2020-06-05,920
"2020-09-14",2020-06-06,956
"2020-09-14",2020-06-07,860
"2020-09-14",2020-06-08,913
"2020-09-14",2020-06-09,860
"2020-09-14",2020-06-10,907
"2020-09-14",2020-06-11,893
"2020-09-14",2020-06-12,902
"2020-09-14",2020-06-13,916
"2020-09-14",2020-06-14,865
"2020-09-14",2020-06-15,879
"2020-09-14",2020-06-16,912
"2020-09-14",2020-06-17,928
"2020-09-14",2020-06-18,856
"2020-09-14",2020-06-19,870
"2020-09-14",2020-06-20,841
"2020-09-14",2020-06-21,854
"2020-09-14",2020-06-22,895
"2020-09-14",2020-06-23,835
"2020-09-14",2020-06-24,869
"2020-09-14",2020-06-25,845
"2020-09-14",2020-06-26,807
"2020-09-14",2020-06-27,815
"2020-09-14",2020-06-28,845
"2020-09-14",2020-06-29,913
"2020-09-14",2020-06-30,860
"2020-09-14",2020-07-01,841
"2020-09-14",2020-07-02,902
"2020-09-14",2020-07-03,804
"2020-09-14",2020-07-04,839
"2020-09-14",2020-07-05,883
"2020-09-14",2020-07-06,857
"2020-09-14",2020-07-07,898
"2020-09-14",2020-07-08,883
"2020-09-14",2020-07-09,874
"2020-09-14",2020-07-10,864
"2020-09-14",2020-07-11,821
"2020-09-14",2020-07-12,944
"2020-09-14",2020-07-13,920
"2020-09-14",2020-07-14,915
"2020-09-14",2020-07-15,921
"2020-09-14",2020-07-16,896
"2020-09-14",2020-07-17,933
"2020-09-14",2020-07-18,878
"2020-09-14",2020-07-19,889
"2020-09-14",2020-07-20,845
"2020-09-14",2020-07-21,937
"2020-09-14",2020-07-22,909
"2020-09-14",2020-07-23,861
"2020-09-14",2020-07-24,867
"2020-09-14",2020-07-25,903
"2020-09-14",2020-07-26,830
"2020-09-14",2020-07-27,864
"2020-09-14",2020-07-28,864
"2020-09-14",2020-07-29,895
"2020-09-14",2020-07-30,896
"2020-09-14",2020-07-31,852
"2020-09-14",2020-08-01,852
"2020-09-14",2020-08-02,783
"2020-09-14",2020-08-03,826
"2020-09-14",2020-08-04,833
"2020-09-14",2020-08-05,794
"2020-09-14",2020-08-06,812
"2020-09-14",2020-08-07,817
"2020-09-14",2020-08-08,787
"2020-09-14",2020-08-09,759
"2020-09-14",2020-08-10,779
"2020-09-14",2020-08-11,704
"2020-09-14",2020-08-12,784
"2020-09-14",2020-08-13,739
"2020-09-14",2020-08-14,739
"2020-09-14",2020-08-15,703
"2020-09-14",2020-08-16,726
"2020-09-14",2020-08-17,717
"2020-09-14",2020-08-18,670
"2020-09-14",2020-08-19,699
"2020-09-14",2020-08-20,628
"2020-09-14",2020-08-21,635
"2020-09-14",2020-08-22,650
"2020-09-14",2020-08-23,613
"2020-09-14",2020-08-24,680
"2020-09-14",2020-08-25,588
"2020-09-14",2020-08-26,596
"2020-09-14",2020-08-27,572
"2020-09-14",2020-08-28,602
"2020-09-14",2020-08-29,546
"2020-09-14",2020-08-30,576
"2020-09-14",2020-08-31,585
"2020-09-14",2020-09-01,554
"2020-09-14",2020-09-02,508
"2020-09-14",2020-09-03,463
"2020-09-14",2020-09-04,500
"2020-09-14",2020-09-05,455
"2020-09-14",2020-09-06,442
"2020-09-14",2020-09-07,485
"2020-09-14",2020-09-08,465
"2020-09-14",2020-09-09,362
"2020-09-14",2020-09-10,319
"2020-09-14",2020-09-11,292
"2020-09-14",2020-09-12,241
"2020-09-14",2020-09-13,178
"2020-09-14",2020-09-14,39
"2020-09-07",2020-03-12,1
"2020-09-07",2020-03-15,1
"2020-09-07",2020-03-16,3
"2020-09-07",2020-03-17,4
"2020-09-07",2020-03-18,8
"2020-09-07",2020-03-19,10
"2020-09-07",2020-03-20,18
"2020-09-07",2020-03-21,15
"2020-09-07",2020-03-22,21
"2020-09-07",2020-03-23,37
"2020-09-07",2020-03-24,40
"2020-09-07",2020-03-25,43
"2020-09-07",2020-03-26,56
"2020-09-07",2020-03-27,62
"2020-09-07",2020-03-28,76
"2020-09-07",2020-03-29,73
"2020-09-07",2020-03-30,92
"2020-09-07",2020-03-31,117
"2020-09-07",2020-04-01,116
"2020-09-07",2020-04-02,143
"2020-09-07",2020-04-03,161
"2020-09-07",2020-04-04,184
"2020-09-07",2020-04-05,194
"2020-09-07",2020-04-06,185
"2020-09-07",2020-04-07,212
"2020-09-07",2020-04-08,201
"2020-09-07",2020-04-09,204
"2020-09-07",2020-04-10,245
"2020-09-07",2020-04-11,248
"2020-09-07",2020-04-12,287
"2020-09-07",2020-04-13,308
"2020-09-07",2020-04-14,296
"2020-09-07",2020-04-15,332
"2020-09-07",2020-04-16,351
"2020-09-07",2020-04-17,365
"2020-09-07",2020-04-18,399
"2020-09-07",2020-04-19,445
"2020-09-07",2020-04-20,497
"2020-09-07",2020-04-21,474
"2020-09-07",2020-04-22,571
"2020-09-07",2020-04-23,613
"2020-09-07",2020-04-24,655
"2020-09-07",2020-04-25,691
"2020-09-07",2020-04-26,689
"2020-09-07",2020-04-27,727
"2020-09-07",2020-04-28,823
"2020-09-07",2020-04-29,827
"2020-09-07",2020-04-30,850
"2020-09-07",2020-05-01,861
"2020-09-07",2020-05-02,882
"2020-09-07",2020-05-03,930
"2020-09-07",2020-05-04,967
"2020-09-07",2020-05-05,1022
"2020-09-07",2020-05-06,955
"2020-09-07",2020-05-07,965
"2020-09-07",2020-05-08,1057
"2020-09-07",2020-05-09,1041
"2020-09-07",2020-05-10,1039
"2020-09-07",2020-05-11,1042
"2020-09-07",2020-05-12,1084
"2020-09-07",2020-05-13,1083
"2020-09-07",2020-05-14,1119
"2020-09-07",2020-05-15,1044
"2020-09-07",2020-05-16,1058
"2020-09-07",2020-05-17,1067
"2020-09-07",2020-05-18,1056
"2020-09-07",2020-05-19,1088
"2020-09-07",2020-05-20,1002
"2020-09-07",2020-05-21,1054
"2020-09-07",2020-05-22,1129
"2020-09-07",2020-05-23,1021
"2020-09-07",2020-05-24,957
"2020-09-07",2020-05-25,1108
"2020-09-07",2020-05-26,952
"2020-09-07",2020-05-27,1026
"2020-09-07",2020-05-28,988
"2020-09-07",2020-05-29,1052
"2020-09-07",2020-05-30,989
"2020-09-07",2020-05-31,904
"2020-09-07",2020-06-01,986
"2020-09-07",2020-06-02,955
"2020-09-07",2020-06-03,968
"2020-09-07",2020-06-04,973
"2020-09-07",2020-06-05,893
"2020-09-07",2020-06-06,935
"2020-09-07",2020-06-07,840
"2020-09-07",2020-06-08,895
"2020-09-07",2020-06-09,856
"2020-09-07",2020-06-10,902
"2020-09-07",2020-06-11,885
"2020-09-07",2020-06-12,894
"2020-09-07",2020-06-13,914
"2020-09-07",2020-06-14,861
"2020-09-07",2020-06-15,873
"2020-09-07",2020-06-16,908
"2020-09-07",2020-06-17,915
"2020-09-07",2020-06-18,848
"2020-09-07",2020-06-19,867
"2020-09-07",2020-06-20,838
"2020-09-07",2020-06-21,853
"2020-09-07",2020-06-22,890
"2020-09-07",2020-06-23,829
"2020-09-07",2020-06-24,866
"2020-09-07",2020-06-25,842
"2020-09-07",2020-06-26,801
"2020-09-07",2020-06-27,809
"2020-09-07",2020-06-28,844
"2020-09-07",2020-06-29,908
"2020-09-07",2020-06-30,858
"2020-09-07",2020-07-01,834
"2020-09-07",2020-07-02,896
"2020-09-07",2020-07-03,798
"2020-09-07",2020-07-04,828
"2020-09-07",2020-07-05,873
"2020-09-07",2020-07-06,854
"2020-09-07",2020-07-07,890
"2020-09-07",2020-07-08,874
"2020-09-07",2020-07-09,865
"2020-09-07",2020-07-10,855
"2020-09-07",2020-07-11,818
"2020-09-07",2020-07-12,931
"2020-09-07",2020-07-13,910
"2020-09-07",2020-07-14,909
"2020-09-07",2020-07-15,914
"2020-09-07",2020-07-16,883
"2020-09-07",2020-07-17,929
"2020-09-07",2020-07-18,875
"2020-09-07",2020-07-19,881
"2020-09-07",2020-07-20,842
"2020-09-07",2020-07-21,931
"2020-09-07",2020-07-22,896
"2020-09-07",2020-07-23,847
"2020-09-07",2020-07-24,860
"2020-09-07",2020-07-25,889
"2020-09-07",2020-07-26,818
"2020-09-07",2020-07-27,856
"2020-09-07",2020-07-28,848
"2020-09-07",2020-07-29,883
"2020-09-07",2020-07-30,883
"2020-09-07",2020-07-31,838
"2020-09-07",2020-08-01,843
"2020-09-07",2020-08-02,773
"2020-09-07",2020-08-03,814
"2020-09-07",2020-08-04,817
"2020-09-07",2020-08-05,784
"2020-09-07",2020-08-06,799
"2020-09-07",2020-08-07,792
"2020-09-07",2020-08-08,772
"2020-09-07",2020-08-09,742
"2020-09-07",2020-08-10,759
"2020-09-07",2020-08-11,684
"2020-09-07",2020-08-12,758
"2020-09-07",2020-08-13,721
"2020-09-07",2020-08-14,710
"2020-09-07",2020-08-15,688
"2020-09-07",2020-08-16,697
"2020-09-07",2020-08-17,688
"2020-09-07",2020-08-18,645
"2020-09-07",2020-08-19,667
"2020-09-07",2020-08-20,605
"2020-09-07",2020-08-21,602
"2020-09-07",2020-08-22,623
"2020-09-07",2020-08-23,589
"2020-09-07",2020-08-24,627
"2020-09-07",2020-08-25,549
"2020-09-07",2020-08-26,560
"2020-09-07",2020-08-27,516
"2020-09-07",2020-08-28,524
"2020-09-07",2020-08-29,485
"2020-09-07",2020-08-30,501
"2020-09-07",2020-08-31,495
"2020-09-07",2020-09-01,457
"2020-09-07",2020-09-02,396
"2020-09-07",2020-09-03,336
"2020-09-07",2020-09-04,222
"2020-09-07",2020-09-05,134
"2020-09-07",2020-09-06,75
"2020-09-07",2020-09-07,23
"2020-08-31",2020-03-12,1
"2020-08-31",2020-03-15,1
"2020-08-31",2020-03-16,3
"2020-08-31",2020-03-17,4
"2020-08-31",2020-03-18,8
"2020-08-31",2020-03-19,10
"2020-08-31",2020-03-20,18
"2020-08-31",2020-03-21,15
"2020-08-31",2020-03-22,21
"2020-08-31",2020-03-23,37
"2020-08-31",2020-03-24,39
"2020-08-31",2020-03-25,43
"2020-08-31",2020-03-26,56
"2020-08-31",2020-03-27,62
"2020-08-31",2020-03-28,76
"2020-08-31",2020-03-29,73
"2020-08-31",2020-03-30,92
"2020-08-31",2020-03-31,117
"2020-08-31",2020-04-01,116
"2020-08-31",2020-04-02,142
"2020-08-31",2020-04-03,161
"2020-08-31",2020-04-04,186
"2020-08-31",2020-04-05,194
"2020-08-31",2020-04-06,185
"2020-08-31",2020-04-07,212
"2020-08-31",2020-04-08,199
"2020-08-31",2020-04-09,202
"2020-08-31",2020-04-10,243
"2020-08-31",2020-04-11,247
"2020-08-31",2020-04-12,287
"2020-08-31",2020-04-13,308
"2020-08-31",2020-04-14,296
"2020-08-31",2020-04-15,331
"2020-08-31",2020-04-16,348
"2020-08-31",2020-04-17,364
"2020-08-31",2020-04-18,395
"2020-08-31",2020-04-19,441
"2020-08-31",2020-04-20,494
"2020-08-31",2020-04-21,469
"2020-08-31",2020-04-22,569
"2020-08-31",2020-04-23,610
"2020-08-31",2020-04-24,655
"2020-08-31",2020-04-25,684
"2020-08-31",2020-04-26,690
"2020-08-31",2020-04-27,723
"2020-08-31",2020-04-28,812
"2020-08-31",2020-04-29,827
"2020-08-31",2020-04-30,847
"2020-08-31",2020-05-01,859
"2020-08-31",2020-05-02,877
"2020-08-31",2020-05-03,931
"2020-08-31",2020-05-04,966
"2020-08-31",2020-05-05,1018
"2020-08-31",2020-05-06,951
"2020-08-31",2020-05-07,961
"2020-08-31",2020-05-08,1053
"2020-08-31",2020-05-09,1041
"2020-08-31",2020-05-10,1037
"2020-08-31",2020-05-11,1035
"2020-08-31",2020-05-12,1083
"2020-08-31",2020-05-13,1081
"2020-08-31",2020-05-14,1119
"2020-08-31",2020-05-15,1039
"2020-08-31",2020-05-16,1052
"2020-08-31",2020-05-17,1058
"2020-08-31",2020-05-18,1053
"2020-08-31",2020-05-19,1087
"2020-08-31",2020-05-20,999
"2020-08-31",2020-05-21,1052
"2020-08-31",2020-05-22,1126
"2020-08-31",2020-05-23,1015
"2020-08-31",2020-05-24,952
"2020-08-31",2020-05-25,1109
"2020-08-31",2020-05-26,954
"2020-08-31",2020-05-27,1023
"2020-08-31",2020-05-28,987
"2020-08-31",2020-05-29,1047
"2020-08-31",2020-05-30,985
"2020-08-31",2020-05-31,904
"2020-08-31",2020-06-01,985
"2020-08-31",2020-06-02,934
"2020-08-31",2020-06-03,941
"2020-08-31",2020-06-04,942
"2020-08-31",2020-06-05,882
"2020-08-31",2020-06-06,933
"2020-08-31",2020-06-07,834
"2020-08-31",2020-06-08,887
"2020-08-31",2020-06-09,853
"2020-08-31",2020-06-10,894
"2020-08-31",2020-06-11,877
"2020-08-31",2020-06-12,883
"2020-08-31",2020-06-13,910
"2020-08-31",2020-06-14,854
"2020-08-31",2020-06-15,865
"2020-08-31",2020-06-16,901
"2020-08-31",2020-06-17,913
"2020-08-31",2020-06-18,845
"2020-08-31",2020-06-19,861
"2020-08-31",2020-06-20,830
"2020-08-31",2020-06-21,841
"2020-08-31",2020-06-22,889
"2020-08-31",2020-06-23,824
"2020-08-31",2020-06-24,861
"2020-08-31",2020-06-25,836
"2020-08-31",2020-06-26,795
"2020-08-31",2020-06-27,802
"2020-08-31",2020-06-28,838
"2020-08-31",2020-06-29,895
"2020-08-31",2020-06-30,848
"2020-08-31",2020-07-01,826
"2020-08-31",2020-07-02,886
"2020-08-31",2020-07-03,787
"2020-08-31",2020-07-04,821
"2020-08-31",2020-07-05,862
"2020-08-31",2020-07-06,844
"2020-08-31",2020-07-07,877
"2020-08-31",2020-07-08,863
"2020-08-31",2020-07-09,858
"2020-08-31",2020-07-10,856
"2020-08-31",2020-07-11,803
"2020-08-31",2020-07-12,920
"2020-08-31",2020-07-13,900
"2020-08-31",2020-07-14,896
"2020-08-31",2020-07-15,898
"2020-08-31",2020-07-16,868
"2020-08-31",2020-07-17,908
"2020-08-31",2020-07-18,864
"2020-08-31",2020-07-19,873
"2020-08-31",2020-07-20,834
"2020-08-31",2020-07-21,921
"2020-08-31",2020-07-22,879
"2020-08-31",2020-07-23,831
"2020-08-31",2020-07-24,839
"2020-08-31",2020-07-25,869
"2020-08-31",2020-07-26,804
"2020-08-31",2020-07-27,848
"2020-08-31",2020-07-28,833
"2020-08-31",2020-07-29,851
"2020-08-31",2020-07-30,860
"2020-08-31",2020-07-31,824
"2020-08-31",2020-08-01,828
"2020-08-31",2020-08-02,757
"2020-08-31",2020-08-03,795
"2020-08-31",2020-08-04,798
"2020-08-31",2020-08-05,771
"2020-08-31",2020-08-06,782
"2020-08-31",2020-08-07,771
"2020-08-31",2020-08-08,755
"2020-08-31",2020-08-09,719
"2020-08-31",2020-08-10,738
"2020-08-31",2020-08-11,658
"2020-08-31",2020-08-12,726
"2020-08-31",2020-08-13,691
"2020-08-31",2020-08-14,672
"2020-08-31",2020-08-15,659
"2020-08-31",2020-08-16,668
"2020-08-31",2020-08-17,644
"2020-08-31",2020-08-18,598
"2020-08-31",2020-08-19,612
"2020-08-31",2020-08-20,543
"2020-08-31",2020-08-21,537
"2020-08-31",2020-08-22,572
"2020-08-31",2020-08-23,523
"2020-08-31",2020-08-24,541
"2020-08-31",2020-08-25,461
"2020-08-31",2020-08-26,448
"2020-08-31",2020-08-27,385
"2020-08-31",2020-08-28,308
"2020-08-31",2020-08-29,240
"2020-08-31",2020-08-30,179
"2020-08-31",2020-08-31,56
"2020-08-24",2020-03-12,1
"2020-08-24",2020-03-15,1
"2020-08-24",2020-03-16,3
"2020-08-24",2020-03-17,4
"2020-08-24",2020-03-18,8
"2020-08-24",2020-03-19,10
"2020-08-24",2020-03-20,18
"2020-08-24",2020-03-21,15
"2020-08-24",2020-03-22,21
"2020-08-24",2020-03-23,36
"2020-08-24",2020-03-24,39
"2020-08-24",2020-03-25,43
"2020-08-24",2020-03-26,57
"2020-08-24",2020-03-27,62
"2020-08-24",2020-03-28,76
"2020-08-24",2020-03-29,73
"2020-08-24",2020-03-30,92
"2020-08-24",2020-03-31,116
"2020-08-24",2020-04-01,116
"2020-08-24",2020-04-02,140
"2020-08-24",2020-04-03,161
"2020-08-24",2020-04-04,186
"2020-08-24",2020-04-05,195
"2020-08-24",2020-04-06,184
"2020-08-24",2020-04-07,212
"2020-08-24",2020-04-08,197
"2020-08-24",2020-04-09,201
"2020-08-24",2020-04-10,242
"2020-08-24",2020-04-11,243
"2020-08-24",2020-04-12,286
"2020-08-24",2020-04-13,309
"2020-08-24",2020-04-14,291
"2020-08-24",2020-04-15,331
"2020-08-24",2020-04-16,344
"2020-08-24",2020-04-17,362
"2020-08-24",2020-04-18,393
"2020-08-24",2020-04-19,439
"2020-08-24",2020-04-20,490
"2020-08-24",2020-04-21,463
"2020-08-24",2020-04-22,566
"2020-08-24",2020-04-23,609
"2020-08-24",2020-04-24,651
"2020-08-24",2020-04-25,679
"2020-08-24",2020-04-26,688
"2020-08-24",2020-04-27,711
"2020-08-24",2020-04-28,800
"2020-08-24",2020-04-29,822
"2020-08-24",2020-04-30,835
"2020-08-24",2020-05-01,852
"2020-08-24",2020-05-02,872
"2020-08-24",2020-05-03,921
"2020-08-24",2020-05-04,959
"2020-08-24",2020-05-05,1011
"2020-08-24",2020-05-06,938
"2020-08-24",2020-05-07,955
"2020-08-24",2020-05-08,1038
"2020-08-24",2020-05-09,1025
"2020-08-24",2020-05-10,1028
"2020-08-24",2020-05-11,1027
"2020-08-24",2020-05-12,1074
"2020-08-24",2020-05-13,1067
"2020-08-24",2020-05-14,1111
"2020-08-24",2020-05-15,1031
"2020-08-24",2020-05-16,1037
"2020-08-24",2020-05-17,1048
"2020-08-24",2020-05-18,1046
"2020-08-24",2020-05-19,1073
"2020-08-24",2020-05-20,995
"2020-08-24",2020-05-21,1040
"2020-08-24",2020-05-22,1127
"2020-08-24",2020-05-23,1008
"2020-08-24",2020-05-24,941
"2020-08-24",2020-05-25,1096
"2020-08-24",2020-05-26,946
"2020-08-24",2020-05-27,1008
"2020-08-24",2020-05-28,981
"2020-08-24",2020-05-29,1043
"2020-08-24",2020-05-30,943
"2020-08-24",2020-05-31,871
"2020-08-24",2020-06-01,951
"2020-08-24",2020-06-02,920
"2020-08-24",2020-06-03,922
"2020-08-24",2020-06-04,931
"2020-08-24",2020-06-05,874
"2020-08-24",2020-06-06,926
"2020-08-24",2020-06-07,827
"2020-08-24",2020-06-08,879
"2020-08-24",2020-06-09,847
"2020-08-24",2020-06-10,885
"2020-08-24",2020-06-11,858
"2020-08-24",2020-06-12,874
"2020-08-24",2020-06-13,898
"2020-08-24",2020-06-14,836
"2020-08-24",2020-06-15,855
"2020-08-24",2020-06-16,895
"2020-08-24",2020-06-17,899
"2020-08-24",2020-06-18,835
"2020-08-24",2020-06-19,843
"2020-08-24",2020-06-20,819
"2020-08-24",2020-06-21,832
"2020-08-24",2020-06-22,883
"2020-08-24",2020-06-23,813
"2020-08-24",2020-06-24,852
"2020-08-24",2020-06-25,825
"2020-08-24",2020-06-26,780
"2020-08-24",2020-06-27,794
"2020-08-24",2020-06-28,817
"2020-08-24",2020-06-29,879
"2020-08-24",2020-06-30,823
"2020-08-24",2020-07-01,818
"2020-08-24",2020-07-02,871
"2020-08-24",2020-07-03,783
"2020-08-24",2020-07-04,809
"2020-08-24",2020-07-05,848
"2020-08-24",2020-07-06,823
"2020-08-24",2020-07-07,861
"2020-08-24",2020-07-08,844
"2020-08-24",2020-07-09,836
"2020-08-24",2020-07-10,840
"2020-08-24",2020-07-11,786
"2020-08-24",2020-07-12,898
"2020-08-24",2020-07-13,876
"2020-08-24",2020-07-14,885
"2020-08-24",2020-07-15,878
"2020-08-24",2020-07-16,852
"2020-08-24",2020-07-17,876
"2020-08-24",2020-07-18,830
"2020-08-24",2020-07-19,850
"2020-08-24",2020-07-20,810
"2020-08-24",2020-07-21,896
"2020-08-24",2020-07-22,859
"2020-08-24",2020-07-23,800
"2020-08-24",2020-07-24,814
"2020-08-24",2020-07-25,844
"2020-08-24",2020-07-26,785
"2020-08-24",2020-07-27,826
"2020-08-24",2020-07-28,812
"2020-08-24",2020-07-29,829
"2020-08-24",2020-07-30,839
"2020-08-24",2020-07-31,791
"2020-08-24",2020-08-01,809
"2020-08-24",2020-08-02,725
"2020-08-24",2020-08-03,766
"2020-08-24",2020-08-04,753
"2020-08-24",2020-08-05,737
"2020-08-24",2020-08-06,744
"2020-08-24",2020-08-07,729
"2020-08-24",2020-08-08,707
"2020-08-24",2020-08-09,681
"2020-08-24",2020-08-10,679
"2020-08-24",2020-08-11,601
"2020-08-24",2020-08-12,660
"2020-08-24",2020-08-13,630
"2020-08-24",2020-08-14,573
"2020-08-24",2020-08-15,569
"2020-08-24",2020-08-16,582
"2020-08-24",2020-08-17,558
"2020-08-24",2020-08-18,493
"2020-08-24",2020-08-19,486
"2020-08-24",2020-08-20,402
"2020-08-24",2020-08-21,319
"2020-08-24",2020-08-22,287
"2020-08-24",2020-08-23,200
"2020-08-24",2020-08-24,52
"2020-08-17",2020-03-12,1
"2020-08-17",2020-03-15,1
"2020-08-17",2020-03-16,3
"2020-08-17",2020-03-17,4
"2020-08-17",2020-03-18,8
"2020-08-17",2020-03-19,10
"2020-08-17",2020-03-20,18
"2020-08-17",2020-03-21,15
"2020-08-17",2020-03-22,21
"2020-08-17",2020-03-23,36
"2020-08-17",2020-03-24,38
"2020-08-17",2020-03-25,43
"2020-08-17",2020-03-26,56
"2020-08-17",2020-03-27,62
"2020-08-17",2020-03-28,76
"2020-08-17",2020-03-29,72
"2020-08-17",2020-03-30,92
"2020-08-17",2020-03-31,115
"2020-08-17",2020-04-01,116
"2020-08-17",2020-04-02,138
"2020-08-17",2020-04-03,161
"2020-08-17",2020-04-04,186
"2020-08-17",2020-04-05,195
"2020-08-17",2020-04-06,181
"2020-08-17",2020-04-07,213
"2020-08-17",2020-04-08,195
"2020-08-17",2020-04-09,201
"2020-08-17",2020-04-10,241
"2020-08-17",2020-04-11,241
"2020-08-17",2020-04-12,286
"2020-08-17",2020-04-13,308
"2020-08-17",2020-04-14,289
"2020-08-17",2020-04-15,333
"2020-08-17",2020-04-16,344
"2020-08-17",2020-04-17,360
"2020-08-17",2020-04-18,388
"2020-08-17",2020-04-19,436
"2020-08-17",2020-04-20,486
"2020-08-17",2020-04-21,459
"2020-08-17",2020-04-22,561
"2020-08-17",2020-04-23,607
"2020-08-17",2020-04-24,648
"2020-08-17",2020-04-25,677
"2020-08-17",2020-04-26,684
"2020-08-17",2020-04-27,710
"2020-08-17",2020-04-28,792
"2020-08-17",2020-04-29,817
"2020-08-17",2020-04-30,833
"2020-08-17",2020-05-01,846
"2020-08-17",2020-05-02,856
"2020-08-17",2020-05-03,917
"2020-08-17",2020-05-04,949
"2020-08-17",2020-05-05,1007
"2020-08-17",2020-05-06,936
"2020-08-17",2020-05-07,954
"2020-08-17",2020-05-08,1025
"2020-08-17",2020-05-09,1016
"2020-08-17",2020-05-10,1022
"2020-08-17",2020-05-11,1024
"2020-08-17",2020-05-12,1071
"2020-08-17",2020-05-13,1064
"2020-08-17",2020-05-14,1097
"2020-08-17",2020-05-15,1026
"2020-08-17",2020-05-16,1021
"2020-08-17",2020-05-17,1044
"2020-08-17",2020-05-18,1044
"2020-08-17",2020-05-19,1057
"2020-08-17",2020-05-20,977
"2020-08-17",2020-05-21,1034
"2020-08-17",2020-05-22,1119
"2020-08-17",2020-05-23,1004
"2020-08-17",2020-05-24,938
"2020-08-17",2020-05-25,1089
"2020-08-17",2020-05-26,937
"2020-08-17",2020-05-27,968
"2020-08-17",2020-05-28,942
"2020-08-17",2020-05-29,990
"2020-08-17",2020-05-30,925
"2020-08-17",2020-05-31,864
"2020-08-17",2020-06-01,938
"2020-08-17",2020-06-02,906
"2020-08-17",2020-06-03,897
"2020-08-17",2020-06-04,921
"2020-08-17",2020-06-05,865
"2020-08-17",2020-06-06,918
"2020-08-17",2020-06-07,809
"2020-08-17",2020-06-08,859
"2020-08-17",2020-06-09,830
"2020-08-17",2020-06-10,875
"2020-08-17",2020-06-11,838
"2020-08-17",2020-06-12,858
"2020-08-17",2020-06-13,883
"2020-08-17",2020-06-14,814
"2020-08-17",2020-06-15,832
"2020-08-17",2020-06-16,880
"2020-08-17",2020-06-17,872
"2020-08-17",2020-06-18,812
"2020-08-17",2020-06-19,822
"2020-08-17",2020-06-20,803
"2020-08-17",2020-06-21,809
"2020-08-17",2020-06-22,852
"2020-08-17",2020-06-23,786
"2020-08-17",2020-06-24,827
"2020-08-17",2020-06-25,802
"2020-08-17",2020-06-26,762
"2020-08-17",2020-06-27,770
"2020-08-17",2020-06-28,789
"2020-08-17",2020-06-29,854
"2020-08-17",2020-06-30,808
"2020-08-17",2020-07-01,791
"2020-08-17",2020-07-02,847
"2020-08-17",2020-07-03,756
"2020-08-17",2020-07-04,785
"2020-08-17",2020-07-05,826
"2020-08-17",2020-07-06,792
"2020-08-17",2020-07-07,833
"2020-08-17",2020-07-08,821
"2020-08-17",2020-07-09,814
"2020-08-17",2020-07-10,809
"2020-08-17",2020-07-11,765
"2020-08-17",2020-07-12,877
"2020-08-17",2020-07-13,857
"2020-08-17",2020-07-14,856
"2020-08-17",2020-07-15,852
"2020-08-17",2020-07-16,821
"2020-08-17",2020-07-17,850
"2020-08-17",2020-07-18,795
"2020-08-17",2020-07-19,829
"2020-08-17",2020-07-20,784
"2020-08-17",2020-07-21,864
"2020-08-17",2020-07-22,830
"2020-08-17",2020-07-23,772
"2020-08-17",2020-07-24,788
"2020-08-17",2020-07-25,804
"2020-08-17",2020-07-26,762
"2020-08-17",2020-07-27,786
"2020-08-17",2020-07-28,778
"2020-08-17",2020-07-29,784
"2020-08-17",2020-07-30,790
"2020-08-17",2020-07-31,737
"2020-08-17",2020-08-01,754
"2020-08-17",2020-08-02,689
"2020-08-17",2020-08-03,698
"2020-08-17",2020-08-04,717
"2020-08-17",2020-08-05,667
"2020-08-17",2020-08-06,661
"2020-08-17",2020-08-07,641
"2020-08-17",2020-08-08,627
"2020-08-17",2020-08-09,587
"2020-08-17",2020-08-10,578
"2020-08-17",2020-08-11,517
"2020-08-17",2020-08-12,513
"2020-08-17",2020-08-13,417
"2020-08-17",2020-08-14,311
"2020-08-17",2020-08-15,245
"2020-08-17",2020-08-16,218
"2020-08-17",2020-08-17,50
"2020-08-10",2020-03-12,1
"2020-08-10",2020-03-15,1
"2020-08-10",2020-03-16,3
"2020-08-10",2020-03-17,4
"2020-08-10",2020-03-18,8
"2020-08-10",2020-03-19,10
"2020-08-10",2020-03-20,18
"2020-08-10",2020-03-21,15
"2020-08-10",2020-03-22,21
"2020-08-10",2020-03-23,36
"2020-08-10",2020-03-24,38
"2020-08-10",2020-03-25,43
"2020-08-10",2020-03-26,56
"2020-08-10",2020-03-27,62
"2020-08-10",2020-03-28,76
"2020-08-10",2020-03-29,71
"2020-08-10",2020-03-30,92
"2020-08-10",2020-03-31,114
"2020-08-10",2020-04-01,116
"2020-08-10",2020-04-02,138
"2020-08-10",2020-04-03,161
"2020-08-10",2020-04-04,186
"2020-08-10",2020-04-05,195
"2020-08-10",2020-04-06,181
"2020-08-10",2020-04-07,213
"2020-08-10",2020-04-08,197
"2020-08-10",2020-04-09,201
"2020-08-10",2020-04-10,240
"2020-08-10",2020-04-11,241
"2020-08-10",2020-04-12,286
"2020-08-10",2020-04-13,306
"2020-08-10",2020-04-14,288
"2020-08-10",2020-04-15,332
"2020-08-10",2020-04-16,342
"2020-08-10",2020-04-17,356
"2020-08-10",2020-04-18,389
"2020-08-10",2020-04-19,434
"2020-08-10",2020-04-20,480
"2020-08-10",2020-04-21,457
"2020-08-10",2020-04-22,563
"2020-08-10",2020-04-23,602
"2020-08-10",2020-04-24,643
"2020-08-10",2020-04-25,675
"2020-08-10",2020-04-26,682
"2020-08-10",2020-04-27,711
"2020-08-10",2020-04-28,788
"2020-08-10",2020-04-29,815
"2020-08-10",2020-04-30,828
"2020-08-10",2020-05-01,844
"2020-08-10",2020-05-02,853
"2020-08-10",2020-05-03,910
"2020-08-10",2020-05-04,937
"2020-08-10",2020-05-05,1000
"2020-08-10",2020-05-06,930
"2020-08-10",2020-05-07,952
"2020-08-10",2020-05-08,1019
"2020-08-10",2020-05-09,1012
"2020-08-10",2020-05-10,1019
"2020-08-10",2020-05-11,1014
"2020-08-10",2020-05-12,1066
"2020-08-10",2020-05-13,1056
"2020-08-10",2020-05-14,1093
"2020-08-10",2020-05-15,1018
"2020-08-10",2020-05-16,1010
"2020-08-10",2020-05-17,1040
"2020-08-10",2020-05-18,1040
"2020-08-10",2020-05-19,1054
"2020-08-10",2020-05-20,971
"2020-08-10",2020-05-21,1035
"2020-08-10",2020-05-22,1107
"2020-08-10",2020-05-23,983
"2020-08-10",2020-05-24,883
"2020-08-10",2020-05-25,1047
"2020-08-10",2020-05-26,904
"2020-08-10",2020-05-27,959
"2020-08-10",2020-05-28,931
"2020-08-10",2020-05-29,975
"2020-08-10",2020-05-30,914
"2020-08-10",2020-05-31,850
"2020-08-10",2020-06-01,927
"2020-08-10",2020-06-02,899
"2020-08-10",2020-06-03,883
"2020-08-10",2020-06-04,909
"2020-08-10",2020-06-05,847
"2020-08-10",2020-06-06,901
"2020-08-10",2020-06-07,790
"2020-08-10",2020-06-08,843
"2020-08-10",2020-06-09,819
"2020-08-10",2020-06-10,871
"2020-08-10",2020-06-11,821
"2020-08-10",2020-06-12,843
"2020-08-10",2020-06-13,859
"2020-08-10",2020-06-14,797
"2020-08-10",2020-06-15,818
"2020-08-10",2020-06-16,872
"2020-08-10",2020-06-17,858
"2020-08-10",2020-06-18,796
"2020-08-10",2020-06-19,810
"2020-08-10",2020-06-20,793
"2020-08-10",2020-06-21,791
"2020-08-10",2020-06-22,839
"2020-08-10",2020-06-23,769
"2020-08-10",2020-06-24,801
"2020-08-10",2020-06-25,789
"2020-08-10",2020-06-26,749
"2020-08-10",2020-06-27,752
"2020-08-10",2020-06-28,775
"2020-08-10",2020-06-29,842
"2020-08-10",2020-06-30,794
"2020-08-10",2020-07-01,776
"2020-08-10",2020-07-02,826
"2020-08-10",2020-07-03,742
"2020-08-10",2020-07-04,773
"2020-08-10",2020-07-05,814
"2020-08-10",2020-07-06,774
"2020-08-10",2020-07-07,814
"2020-08-10",2020-07-08,794
"2020-08-10",2020-07-09,804
"2020-08-10",2020-07-10,782
"2020-08-10",2020-07-11,745
"2020-08-10",2020-07-12,859
"2020-08-10",2020-07-13,829
"2020-08-10",2020-07-14,826
"2020-08-10",2020-07-15,813
"2020-08-10",2020-07-16,799
"2020-08-10",2020-07-17,823
"2020-08-10",2020-07-18,756
"2020-08-10",2020-07-19,800
"2020-08-10",2020-07-20,748
"2020-08-10",2020-07-21,823
"2020-08-10",2020-07-22,803
"2020-08-10",2020-07-23,722
"2020-08-10",2020-07-24,762
"2020-08-10",2020-07-25,754
"2020-08-10",2020-07-26,710
"2020-08-10",2020-07-27,729
"2020-08-10",2020-07-28,709
"2020-08-10",2020-07-29,732
"2020-08-10",2020-07-30,701
"2020-08-10",2020-07-31,664
"2020-08-10",2020-08-01,646
"2020-08-10",2020-08-02,597
"2020-08-10",2020-08-03,604
"2020-08-10",2020-08-04,596
"2020-08-10",2020-08-05,538
"2020-08-10",2020-08-06,456
"2020-08-10",2020-08-07,378
"2020-08-10",2020-08-08,291
"2020-08-10",2020-08-09,220
"2020-08-10",2020-08-10,61
"2020-08-03",2020-08-03,30
"2020-08-03",2020-08-02,138
"2020-08-03",2020-08-01,263
"2020-08-03",2020-07-31,355
"2020-08-03",2020-07-30,476
"2020-08-03",2020-07-29,554
"2020-08-03",2020-07-28,531
"2020-08-03",2020-07-27,593
"2020-08-03",2020-07-26,582
"2020-08-03",2020-07-25,636
"2020-08-03",2020-07-24,660
"2020-08-03",2020-07-23,625
"2020-08-03",2020-07-22,720
"2020-08-03",2020-07-21,742
"2020-08-03",2020-07-20,675
"2020-08-03",2020-07-19,740
"2020-08-03",2020-07-18,678
"2020-08-03",2020-07-17,738
"2020-08-03",2020-07-16,720
"2020-08-03",2020-07-15,749
"2020-08-03",2020-07-14,778
"2020-08-03",2020-07-13,787
"2020-08-03",2020-07-12,821
"2020-08-03",2020-07-11,701
"2020-08-03",2020-07-10,734
"2020-08-03",2020-07-09,774
"2020-08-03",2020-07-08,761
"2020-08-03",2020-07-07,771
"2020-08-03",2020-07-06,745
"2020-08-03",2020-07-05,787
"2020-08-03",2020-07-04,735
"2020-08-03",2020-07-03,716
"2020-08-03",2020-07-02,808
"2020-08-03",2020-07-01,741
"2020-08-03",2020-06-30,761
"2020-08-03",2020-06-29,813
"2020-08-03",2020-06-28,755
"2020-08-03",2020-06-27,730
"2020-08-03",2020-06-26,724
"2020-08-03",2020-06-25,764
"2020-08-03",2020-06-24,789
"2020-08-03",2020-06-23,745
"2020-08-03",2020-06-22,807
"2020-08-03",2020-06-21,778
"2020-08-03",2020-06-20,772
"2020-08-03",2020-06-19,791
"2020-08-03",2020-06-18,772
"2020-08-03",2020-06-17,844
"2020-08-03",2020-06-16,847
"2020-08-03",2020-06-15,802
"2020-08-03",2020-06-14,777
"2020-08-03",2020-06-13,842
"2020-08-03",2020-06-12,832
"2020-08-03",2020-06-11,803
"2020-08-03",2020-06-10,847
"2020-08-03",2020-06-09,794
"2020-08-03",2020-06-08,824
"2020-08-03",2020-06-07,768
"2020-08-03",2020-06-06,894
"2020-08-03",2020-06-05,832
"2020-08-03",2020-06-04,896
"2020-08-03",2020-06-03,870
"2020-08-03",2020-06-02,886
"2020-08-03",2020-06-01,922
"2020-08-03",2020-05-31,833
"2020-08-03",2020-05-30,895
"2020-08-03",2020-05-29,964
"2020-08-03",2020-05-28,920
"2020-08-03",2020-05-27,935
"2020-08-03",2020-05-26,896
"2020-08-03",2020-05-25,1030
"2020-08-03",2020-05-24,876
"2020-08-03",2020-05-23,940
"2020-08-03",2020-05-22,1048
"2020-08-03",2020-05-21,981
"2020-08-03",2020-05-20,960
"2020-08-03",2020-05-19,1046
"2020-08-03",2020-05-18,1030
"2020-08-03",2020-05-17,1032
"2020-08-03",2020-05-16,1006
"2020-08-03",2020-05-15,1012
"2020-08-03",2020-05-14,1081
"2020-08-03",2020-05-13,1042
"2020-08-03",2020-05-12,1055
"2020-08-03",2020-05-11,1006
"2020-08-03",2020-05-10,1009
"2020-08-03",2020-05-09,1007
"2020-08-03",2020-05-08,1011
"2020-08-03",2020-05-07,948
"2020-08-03",2020-05-06,928
"2020-08-03",2020-05-05,993
"2020-08-03",2020-05-04,933
"2020-08-03",2020-05-03,901
"2020-08-03",2020-05-02,850
"2020-08-03",2020-05-01,841
"2020-08-03",2020-04-30,825
"2020-08-03",2020-04-29,815
"2020-08-03",2020-04-28,783
"2020-08-03",2020-04-27,704
"2020-08-03",2020-04-26,682
"2020-08-03",2020-04-25,675
"2020-08-03",2020-04-24,641
"2020-08-03",2020-04-23,598
"2020-08-03",2020-04-22,563
"2020-08-03",2020-04-21,459
"2020-08-03",2020-04-20,478
"2020-08-03",2020-04-19,434
"2020-08-03",2020-04-18,385
"2020-08-03",2020-04-17,351
"2020-08-03",2020-04-16,339
"2020-08-03",2020-04-15,333
"2020-08-03",2020-04-14,289
"2020-08-03",2020-04-13,310
"2020-08-03",2020-04-12,290
"2020-08-03",2020-04-11,240
"2020-08-03",2020-04-10,239
"2020-08-03",2020-04-09,202
"2020-08-03",2020-04-08,196
"2020-08-03",2020-04-07,213
"2020-08-03",2020-04-06,181
"2020-08-03",2020-04-05,196
"2020-08-03",2020-04-04,185
"2020-08-03",2020-04-03,161
"2020-08-03",2020-04-02,140
"2020-08-03",2020-04-01,115
"2020-08-03",2020-03-31,114
"2020-08-03",2020-03-30,92
"2020-08-03",2020-03-29,71
"2020-08-03",2020-03-28,75
"2020-08-03",2020-03-27,62
"2020-08-03",2020-03-26,56
"2020-08-03",2020-03-25,42
"2020-08-03",2020-03-24,38
"2020-08-03",2020-03-23,36
"2020-08-03",2020-03-22,21
"2020-08-03",2020-03-21,15
"2020-08-03",2020-03-20,18
"2020-08-03",2020-03-19,10
"2020-08-03",2020-03-18,8
"2020-08-03",2020-03-17,4
"2020-08-03",2020-03-16,3
"2020-08-03",2020-03-15,1
"2020-08-03",2020-03-12,1
"2020-07-29",2020-07-29,187
"2020-07-29",2020-07-28,365
"2020-07-29",2020-07-27,470
"2020-07-29",2020-07-26,473
"2020-07-29",2020-07-25,538
"2020-07-29",2020-07-24,570
"2020-07-29",2020-07-23,556
"2020-07-29",2020-07-22,662
"2020-07-29",2020-07-21,681
"2020-07-29",2020-07-20,627
"2020-07-29",2020-07-19,674
"2020-07-29",2020-07-18,636
"2020-07-29",2020-07-17,699
"2020-07-29",2020-07-16,681
"2020-07-29",2020-07-15,712
"2020-07-29",2020-07-14,744
"2020-07-29",2020-07-13,757
"2020-07-29",2020-07-12,788
"2020-07-29",2020-07-11,686
"2020-07-29",2020-07-10,711
"2020-07-29",2020-07-09,752
"2020-07-29",2020-07-08,736
"2020-07-29",2020-07-07,737
"2020-07-29",2020-07-06,731
"2020-07-29",2020-07-05,768
"2020-07-29",2020-07-04,723
"2020-07-29",2020-07-03,698
"2020-07-29",2020-07-02,795
"2020-07-29",2020-07-01,732
"2020-07-29",2020-06-30,751
"2020-07-29",2020-06-29,792
"2020-07-29",2020-06-28,738
"2020-07-29",2020-06-27,713
"2020-07-29",2020-06-26,703
"2020-07-29",2020-06-25,753
"2020-07-29",2020-06-24,767
"2020-07-29",2020-06-23,731
"2020-07-29",2020-06-22,799
"2020-07-29",2020-06-21,768
"2020-07-29",2020-06-20,761
"2020-07-29",2020-06-19,775
"2020-07-29",2020-06-18,762
"2020-07-29",2020-06-17,835
"2020-07-29",2020-06-16,839
"2020-07-29",2020-06-15,796
"2020-07-29",2020-06-14,769
"2020-07-29",2020-06-13,829
"2020-07-29",2020-06-12,827
"2020-07-29",2020-06-11,797
"2020-07-29",2020-06-10,843
"2020-07-29",2020-06-09,787
"2020-07-29",2020-06-08,815
"2020-07-29",2020-06-07,760
"2020-07-29",2020-06-06,888
"2020-07-29",2020-06-05,820
"2020-07-29",2020-06-04,884
"2020-07-29",2020-06-03,862
"2020-07-29",2020-06-02,882
"2020-07-29",2020-06-01,913
"2020-07-29",2020-05-31,831
"2020-07-29",2020-05-30,883
"2020-07-29",2020-05-29,954
"2020-07-29",2020-05-28,917
"2020-07-29",2020-05-27,927
"2020-07-29",2020-05-26,892
"2020-07-29",2020-05-25,1024
"2020-07-29",2020-05-24,872
"2020-07-29",2020-05-23,939
"2020-07-29",2020-05-22,1045
"2020-07-29",2020-05-21,975
"2020-07-29",2020-05-20,931
"2020-07-29",2020-05-19,999
"2020-07-29",2020-05-18,1027
"2020-07-29",2020-05-17,1019
"2020-07-29",2020-05-16,1005
"2020-07-29",2020-05-15,1007
"2020-07-29",2020-05-14,1079
"2020-07-29",2020-05-13,1039
"2020-07-29",2020-05-12,1050
"2020-07-29",2020-05-11,1002
"2020-07-29",2020-05-10,1006
"2020-07-29",2020-05-09,1005
"2020-07-29",2020-05-08,1005
"2020-07-29",2020-05-07,945
"2020-07-29",2020-05-06,925
"2020-07-29",2020-05-05,991
"2020-07-29",2020-05-04,933
"2020-07-29",2020-05-03,901
"2020-07-29",2020-05-02,849
"2020-07-29",2020-05-01,838
"2020-07-29",2020-04-30,822
"2020-07-29",2020-04-29,815
"2020-07-29",2020-04-28,779
"2020-07-29",2020-04-27,703
"2020-07-29",2020-04-26,682
"2020-07-29",2020-04-25,674
"2020-07-29",2020-04-24,642
"2020-07-29",2020-04-23,598
"2020-07-29",2020-04-22,560
"2020-07-29",2020-04-21,461
"2020-07-29",2020-04-20,478
"2020-07-29",2020-04-19,434
"2020-07-29",2020-04-18,384
"2020-07-29",2020-04-17,350
"2020-07-29",2020-04-16,338
"2020-07-29",2020-04-15,333
"2020-07-29",2020-04-14,287
"2020-07-29",2020-04-13,309
"2020-07-29",2020-04-12,290
"2020-07-29",2020-04-11,240
"2020-07-29",2020-04-10,239
"2020-07-29",2020-04-09,202
"2020-07-29",2020-04-08,196
"2020-07-29",2020-04-07,212
"2020-07-29",2020-04-06,181
"2020-07-29",2020-04-05,194
"2020-07-29",2020-04-04,185
"2020-07-29",2020-04-03,161
"2020-07-29",2020-04-02,139
"2020-07-29",2020-04-01,115
"2020-07-29",2020-03-31,113
"2020-07-29",2020-03-30,92
"2020-07-29",2020-03-29,71
"2020-07-29",2020-03-28,75
"2020-07-29",2020-03-27,62
"2020-07-29",2020-03-26,56
"2020-07-29",2020-03-25,42
"2020-07-29",2020-03-24,38
"2020-07-29",2020-03-23,36
"2020-07-29",2020-03-22,21
"2020-07-29",2020-03-21,15
"2020-07-29",2020-03-20,18
"2020-07-29",2020-03-19,10
"2020-07-29",2020-03-18,8
"2020-07-29",2020-03-17,4
"2020-07-29",2020-03-16,3
"2020-07-29",2020-03-15,1
"2020-07-29",2020-03-12,1
"2020-07-21",2020-07-21,170
"2020-07-21",2020-07-20,346
"2020-07-21",2020-07-19,431
"2020-07-21",2020-07-18,436
"2020-07-21",2020-07-17,486
"2020-07-21",2020-07-16,524
"2020-07-21",2020-07-15,587
"2020-07-21",2020-07-14,604
"2020-07-21",2020-07-13,652
"2020-07-21",2020-07-12,679
"2020-07-21",2020-07-11,607
"2020-07-21",2020-07-10,620
"2020-07-21",2020-07-09,673
"2020-07-21",2020-07-08,679
"2020-07-21",2020-07-07,677
"2020-07-21",2020-07-06,691
"2020-07-21",2020-07-05,709
"2020-07-21",2020-07-04,667
"2020-07-21",2020-07-03,645
"2020-07-21",2020-07-02,739
"2020-07-21",2020-07-01,686
"2020-07-21",2020-06-30,699
"2020-07-21",2020-06-29,744
"2020-07-21",2020-06-28,703
"2020-07-21",2020-06-27,680
"2020-07-21",2020-06-26,660
"2020-07-21",2020-06-25,712
"2020-07-21",2020-06-24,730
"2020-07-21",2020-06-23,702
"2020-07-21",2020-06-22,755
"2020-07-21",2020-06-21,741
"2020-07-21",2020-06-20,728
"2020-07-21",2020-06-19,726
"2020-07-21",2020-06-18,718
"2020-07-21",2020-06-17,792
"2020-07-21",2020-06-16,805
"2020-07-21",2020-06-15,765
"2020-07-21",2020-06-14,733
"2020-07-21",2020-06-13,785
"2020-07-21",2020-06-12,785
"2020-07-21",2020-06-11,775
"2020-07-21",2020-06-10,803
"2020-07-21",2020-06-09,761
"2020-07-21",2020-06-08,794
"2020-07-21",2020-06-07,743
"2020-07-21",2020-06-06,856
"2020-07-21",2020-06-05,787
"2020-07-21",2020-06-04,845
"2020-07-21",2020-06-03,835
"2020-07-21",2020-06-02,860
"2020-07-21",2020-06-01,890
"2020-07-21",2020-05-31,808
"2020-07-21",2020-05-30,850
"2020-07-21",2020-05-29,926
"2020-07-21",2020-05-28,890
"2020-07-21",2020-05-27,905
"2020-07-21",2020-05-26,872
"2020-07-21",2020-05-25,1003
"2020-07-21",2020-05-24,848
"2020-07-21",2020-05-23,914
"2020-07-21",2020-05-22,1016
"2020-07-21",2020-05-21,954
"2020-07-21",2020-05-20,910
"2020-07-21",2020-05-19,966
"2020-07-21",2020-05-18,983
"2020-07-21",2020-05-17,958
"2020-07-21",2020-05-16,941
"2020-07-21",2020-05-15,935
"2020-07-21",2020-05-14,1065
"2020-07-21",2020-05-13,1016
"2020-07-21",2020-05-12,1023
"2020-07-21",2020-05-11,989
"2020-07-21",2020-05-10,994
"2020-07-21",2020-05-09,997
"2020-07-21",2020-05-08,989
"2020-07-21",2020-05-07,930
"2020-07-21",2020-05-06,918
"2020-07-21",2020-05-05,981
"2020-07-21",2020-05-04,923
"2020-07-21",2020-05-03,891
"2020-07-21",2020-05-02,840
"2020-07-21",2020-05-01,833
"2020-07-21",2020-04-30,812
"2020-07-21",2020-04-29,804
"2020-07-21",2020-04-28,775
"2020-07-21",2020-04-27,694
"2020-07-21",2020-04-26,678
"2020-07-21",2020-04-25,665
"2020-07-21",2020-04-24,640
"2020-07-21",2020-04-23,589
"2020-07-21",2020-04-22,557
"2020-07-21",2020-04-21,463
"2020-07-21",2020-04-20,473
"2020-07-21",2020-04-19,431
"2020-07-21",2020-04-18,382
"2020-07-21",2020-04-17,349
"2020-07-21",2020-04-16,336
"2020-07-21",2020-04-15,331
"2020-07-21",2020-04-14,282
"2020-07-21",2020-04-13,307
"2020-07-21",2020-04-12,289
"2020-07-21",2020-04-11,236
"2020-07-21",2020-04-10,241
"2020-07-21",2020-04-09,200
"2020-07-21",2020-04-08,195
"2020-07-21",2020-04-07,212
"2020-07-21",2020-04-06,182
"2020-07-21",2020-04-05,193
"2020-07-21",2020-04-04,184
"2020-07-21",2020-04-03,162
"2020-07-21",2020-04-02,136
"2020-07-21",2020-04-01,114
"2020-07-21",2020-03-31,113
"2020-07-21",2020-03-30,92
"2020-07-21",2020-03-29,72
"2020-07-21",2020-03-28,75
"2020-07-21",2020-03-27,62
"2020-07-21",2020-03-26,56
"2020-07-21",2020-03-25,41
"2020-07-21",2020-03-24,37
"2020-07-21",2020-03-23,37
"2020-07-21",2020-03-22,21
"2020-07-21",2020-03-21,15
"2020-07-21",2020-03-20,18
"2020-07-21",2020-03-19,10
"2020-07-21",2020-03-18,8
"2020-07-21",2020-03-17,4
"2020-07-21",2020-03-16,3
"2020-07-21",2020-03-15,1
"2020-07-21",2020-03-12,1
"2020-07-14",2020-07-14,90
"2020-07-14",2020-07-13,326
"2020-07-14",2020-07-12,390
"2020-07-14",2020-07-11,419
"2020-07-14",2020-07-10,442
"2020-07-14",2020-07-09,509
"2020-07-14",2020-07-08,547
"2020-07-14",2020-07-07,547
"2020-07-14",2020-07-06,579
"2020-07-14",2020-07-05,615
"2020-07-14",2020-07-04,586
"2020-07-14",2020-07-03,548
"2020-07-14",2020-07-02,661
"2020-07-14",2020-07-01,622
"2020-07-14",2020-06-30,621
"2020-07-14",2020-06-29,683
"2020-07-14",2020-06-28,658
"2020-07-14",2020-06-27,635
"2020-07-14",2020-06-26,599
"2020-07-14",2020-06-25,664
"2020-07-14",2020-06-24,688
"2020-07-14",2020-06-23,663
"2020-07-14",2020-06-22,712
"2020-07-14",2020-06-21,698
"2020-07-14",2020-06-20,684
"2020-07-14",2020-06-19,682
"2020-07-14",2020-06-18,698
"2020-07-14",2020-06-17,742
"2020-07-14",2020-06-16,772
"2020-07-14",2020-06-15,735
"2020-07-14",2020-06-14,700
"2020-07-14",2020-06-13,746
"2020-07-14",2020-06-12,748
"2020-07-14",2020-06-11,732
"2020-07-14",2020-06-10,755
"2020-07-14",2020-06-09,734
"2020-07-14",2020-06-08,760
"2020-07-14",2020-06-07,706
"2020-07-14",2020-06-06,828
"2020-07-14",2020-06-05,756
"2020-07-14",2020-06-04,807
"2020-07-14",2020-06-03,815
"2020-07-14",2020-06-02,834
"2020-07-14",2020-06-01,864
"2020-07-14",2020-05-31,781
"2020-07-14",2020-05-30,829
"2020-07-14",2020-05-29,901
"2020-07-14",2020-05-28,855
"2020-07-14",2020-05-27,884
"2020-07-14",2020-05-26,846
"2020-07-14",2020-05-25,975
"2020-07-14",2020-05-24,821
"2020-07-14",2020-05-23,885
"2020-07-14",2020-05-22,997
"2020-07-14",2020-05-21,928
"2020-07-14",2020-05-20,892
"2020-07-14",2020-05-19,945
"2020-07-14",2020-05-18,955
"2020-07-14",2020-05-17,942
"2020-07-14",2020-05-16,924
"2020-07-14",2020-05-15,914
"2020-07-14",2020-05-14,988
"2020-07-14",2020-05-13,948
"2020-07-14",2020-05-12,938
"2020-07-14",2020-05-11,922
"2020-07-14",2020-05-10,969
"2020-07-14",2020-05-09,976
"2020-07-14",2020-05-08,970
"2020-07-14",2020-05-07,915
"2020-07-14",2020-05-06,901
"2020-07-14",2020-05-05,968
"2020-07-14",2020-05-04,912
"2020-07-14",2020-05-03,878
"2020-07-14",2020-05-02,825
"2020-07-14",2020-05-01,823
"2020-07-14",2020-04-30,804
"2020-07-14",2020-04-29,794
"2020-07-14",2020-04-28,772
"2020-07-14",2020-04-27,695
"2020-07-14",2020-04-26,670
"2020-07-14",2020-04-25,662
"2020-07-14",2020-04-24,628
"2020-07-14",2020-04-23,587
"2020-07-14",2020-04-22,557
"2020-07-14",2020-04-21,460
"2020-07-14",2020-04-20,466
"2020-07-14",2020-04-19,431
"2020-07-14",2020-04-18,380
"2020-07-14",2020-04-17,352
"2020-07-14",2020-04-16,336
"2020-07-14",2020-04-15,330
"2020-07-14",2020-04-14,279
"2020-07-14",2020-04-13,305
"2020-07-14",2020-04-12,286
"2020-07-14",2020-04-11,237
"2020-07-14",2020-04-10,241
"2020-07-14",2020-04-09,199
"2020-07-14",2020-04-08,194
"2020-07-14",2020-04-07,212
"2020-07-14",2020-04-06,186
"2020-07-14",2020-04-05,194
"2020-07-14",2020-04-04,182
"2020-07-14",2020-04-03,162
"2020-07-14",2020-04-02,136
"2020-07-14",2020-04-01,114
"2020-07-14",2020-03-31,114
"2020-07-14",2020-03-30,93
"2020-07-14",2020-03-29,71
"2020-07-14",2020-03-28,75
"2020-07-14",2020-03-27,62
"2020-07-14",2020-03-26,56
"2020-07-14",2020-03-25,41
"2020-07-14",2020-03-24,37
"2020-07-14",2020-03-23,36
"2020-07-14",2020-03-22,21
"2020-07-14",2020-03-21,15
"2020-07-14",2020-03-20,18
"2020-07-14",2020-03-19,10
"2020-07-14",2020-03-18,8
"2020-07-14",2020-03-17,4
"2020-07-14",2020-03-16,3
"2020-07-14",2020-03-15,1
"2020-07-14",2020-03-12,1
"2020-07-07",2020-07-07,23
"2020-07-07",2020-07-06,208
"2020-07-07",2020-07-05,320
"2020-07-07",2020-07-04,331
"2020-07-07",2020-07-03,355
"2020-07-07",2020-07-02,464
"2020-07-07",2020-07-01,474
"2020-07-07",2020-06-30,477
"2020-07-07",2020-06-29,558
"2020-07-07",2020-06-28,547
"2020-07-07",2020-06-27,537
"2020-07-07",2020-06-26,504
"2020-07-07",2020-06-25,579
"2020-07-07",2020-06-24,616
"2020-07-07",2020-06-23,599
"2020-07-07",2020-06-22,640
"2020-07-07",2020-06-21,623
"2020-07-07",2020-06-20,645
"2020-07-07",2020-06-19,607
"2020-07-07",2020-06-18,651
"2020-07-07",2020-06-17,691
"2020-07-07",2020-06-16,708
"2020-07-07",2020-06-15,684
"2020-07-07",2020-06-14,660
"2020-07-07",2020-06-13,700
"2020-07-07",2020-06-12,691
"2020-07-07",2020-06-11,691
"2020-07-07",2020-06-10,714
"2020-07-07",2020-06-09,708
"2020-07-07",2020-06-08,710
"2020-07-07",2020-06-07,654
"2020-07-07",2020-06-06,779
"2020-07-07",2020-06-05,698
"2020-07-07",2020-06-04,766
"2020-07-07",2020-06-03,763
"2020-07-07",2020-06-02,785
"2020-07-07",2020-06-01,816
"2020-07-07",2020-05-31,744
"2020-07-07",2020-05-30,791
"2020-07-07",2020-05-29,855
"2020-07-07",2020-05-28,799
"2020-07-07",2020-05-27,844
"2020-07-07",2020-05-26,793
"2020-07-07",2020-05-25,926
"2020-07-07",2020-05-24,783
"2020-07-07",2020-05-23,864
"2020-07-07",2020-05-22,959
"2020-07-07",2020-05-21,884
"2020-07-07",2020-05-20,860
"2020-07-07",2020-05-19,913
"2020-07-07",2020-05-18,930
"2020-07-07",2020-05-17,909
"2020-07-07",2020-05-16,898
"2020-07-07",2020-05-15,884
"2020-07-07",2020-05-14,966
"2020-07-07",2020-05-13,917
"2020-07-07",2020-05-12,922
"2020-07-07",2020-05-11,888
"2020-07-07",2020-05-10,868
"2020-07-07",2020-05-09,892
"2020-07-07",2020-05-08,896
"2020-07-07",2020-05-07,895
"2020-07-07",2020-05-06,878
"2020-07-07",2020-05-05,946
"2020-07-07",2020-05-04,893
"2020-07-07",2020-05-03,861
"2020-07-07",2020-05-02,810
"2020-07-07",2020-05-01,805
"2020-07-07",2020-04-30,790
"2020-07-07",2020-04-29,774
"2020-07-07",2020-04-28,758
"2020-07-07",2020-04-27,686
"2020-07-07",2020-04-26,658
"2020-07-07",2020-04-25,651
"2020-07-07",2020-04-24,620
"2020-07-07",2020-04-23,584
"2020-07-07",2020-04-22,550
"2020-07-07",2020-04-21,455
"2020-07-07",2020-04-20,465
"2020-07-07",2020-04-19,429
"2020-07-07",2020-04-18,378
"2020-07-07",2020-04-17,350
"2020-07-07",2020-04-16,338
"2020-07-07",2020-04-15,332
"2020-07-07",2020-04-14,275
"2020-07-07",2020-04-13,301
"2020-07-07",2020-04-12,283
"2020-07-07",2020-04-11,237
"2020-07-07",2020-04-10,240
"2020-07-07",2020-04-09,197
"2020-07-07",2020-04-08,193
"2020-07-07",2020-04-07,210
"2020-07-07",2020-04-06,180
"2020-07-07",2020-04-05,187
"2020-07-07",2020-04-04,179
"2020-07-07",2020-04-03,160
"2020-07-07",2020-04-02,135
"2020-07-07",2020-04-01,115
"2020-07-07",2020-03-31,114
"2020-07-07",2020-03-30,93
"2020-07-07",2020-03-29,71
"2020-07-07",2020-03-28,74
"2020-07-07",2020-03-27,61
"2020-07-07",2020-03-26,55
"2020-07-07",2020-03-25,40
"2020-07-07",2020-03-24,37
"2020-07-07",2020-03-23,36
"2020-07-07",2020-03-22,21
"2020-07-07",2020-03-21,15
"2020-07-07",2020-03-20,18
"2020-07-07",2020-03-19,10
"2020-07-07",2020-03-18,8
"2020-07-07",2020-03-17,4
"2020-07-07",2020-03-16,3
"2020-07-07",2020-03-15,1
"2020-07-07",2020-03-12,1
"2020-06-30",2020-06-30,10
"2020-06-30",2020-06-29,141
"2020-06-30",2020-06-28,290
"2020-06-30",2020-06-27,289
"2020-06-30",2020-06-26,311
"2020-06-30",2020-06-25,402
"2020-06-30",2020-06-24,456
"2020-06-30",2020-06-23,463
"2020-06-30",2020-06-22,521
"2020-06-30",2020-06-21,530
"2020-06-30",2020-06-20,554
"2020-06-30",2020-06-19,501
"2020-06-30",2020-06-18,579
"2020-06-30",2020-06-17,595
"2020-06-30",2020-06-16,621
"2020-06-30",2020-06-15,613
"2020-06-30",2020-06-14,574
"2020-06-30",2020-06-13,632
"2020-06-30",2020-06-12,617
"2020-06-30",2020-06-11,607
"2020-06-30",2020-06-10,619
"2020-06-30",2020-06-09,650
"2020-06-30",2020-06-08,640
"2020-06-30",2020-06-07,603
"2020-06-30",2020-06-06,724
"2020-06-30",2020-06-05,653
"2020-06-30",2020-06-04,711
"2020-06-30",2020-06-03,706
"2020-06-30",2020-06-02,728
"2020-06-30",2020-06-01,746
"2020-06-30",2020-05-31,696
"2020-06-30",2020-05-30,735
"2020-06-30",2020-05-29,805
"2020-06-30",2020-05-28,749
"2020-06-30",2020-05-27,797
"2020-06-30",2020-05-26,747
"2020-06-30",2020-05-25,891
"2020-06-30",2020-05-24,748
"2020-06-30",2020-05-23,818
"2020-06-30",2020-05-22,909
"2020-06-30",2020-05-21,853
"2020-06-30",2020-05-20,818
"2020-06-30",2020-05-19,875
"2020-06-30",2020-05-18,894
"2020-06-30",2020-05-17,872
"2020-06-30",2020-05-16,861
"2020-06-30",2020-05-15,844
"2020-06-30",2020-05-14,932
"2020-06-30",2020-05-13,872
"2020-06-30",2020-05-12,890
"2020-06-30",2020-05-11,859
"2020-06-30",2020-05-10,837
"2020-06-30",2020-05-09,866
"2020-06-30",2020-05-08,853
"2020-06-30",2020-05-07,823
"2020-06-30",2020-05-06,796
"2020-06-30",2020-05-05,865
"2020-06-30",2020-05-04,870
"2020-06-30",2020-05-03,835
"2020-06-30",2020-05-02,794
"2020-06-30",2020-05-01,788
"2020-06-30",2020-04-30,774
"2020-06-30",2020-04-29,767
"2020-06-30",2020-04-28,742
"2020-06-30",2020-04-27,671
"2020-06-30",2020-04-26,647
"2020-06-30",2020-04-25,639
"2020-06-30",2020-04-24,602
"2020-06-30",2020-04-23,575
"2020-06-30",2020-04-22,545
"2020-06-30",2020-04-21,453
"2020-06-30",2020-04-20,459
"2020-06-30",2020-04-19,422
"2020-06-30",2020-04-18,372
"2020-06-30",2020-04-17,348
"2020-06-30",2020-04-16,333
"2020-06-30",2020-04-15,329
"2020-06-30",2020-04-14,271
"2020-06-30",2020-04-13,300
"2020-06-30",2020-04-12,284
"2020-06-30",2020-04-11,237
"2020-06-30",2020-04-10,242
"2020-06-30",2020-04-09,195
"2020-06-30",2020-04-08,193
"2020-06-30",2020-04-07,210
"2020-06-30",2020-04-06,178
"2020-06-30",2020-04-05,187
"2020-06-30",2020-04-04,176
"2020-06-30",2020-04-03,160
"2020-06-30",2020-04-02,133
"2020-06-30",2020-04-01,114
"2020-06-30",2020-03-31,115
"2020-06-30",2020-03-30,93
"2020-06-30",2020-03-29,70
"2020-06-30",2020-03-28,74
"2020-06-30",2020-03-27,61
"2020-06-30",2020-03-26,55
"2020-06-30",2020-03-25,40
"2020-06-30",2020-03-24,37
"2020-06-30",2020-03-23,36
"2020-06-30",2020-03-22,21
"2020-06-30",2020-03-21,15
"2020-06-30",2020-03-20,18
"2020-06-30",2020-03-19,10
"2020-06-30",2020-03-18,8
"2020-06-30",2020-03-17,4
"2020-06-30",2020-03-16,3
"2020-06-30",2020-03-15,1
"2020-06-30",2020-03-12,1
"2020-06-23",2020-06-23,66
"2020-06-23",2020-06-22,239
"2020-06-23",2020-06-21,325
"2020-06-23",2020-06-20,366
"2020-06-23",2020-06-19,329
"2020-06-23",2020-06-18,452
"2020-06-23",2020-06-17,483
"2020-06-23",2020-06-16,480
"2020-06-23",2020-06-15,533
"2020-06-23",2020-06-14,486
"2020-06-23",2020-06-13,548
"2020-06-23",2020-06-12,559
"2020-06-23",2020-06-11,550
"2020-06-23",2020-06-10,546
"2020-06-23",2020-06-09,581
"2020-06-23",2020-06-08,593
"2020-06-23",2020-06-07,565
"2020-06-23",2020-06-06,667
"2020-06-23",2020-06-05,603
"2020-06-23",2020-06-04,649
"2020-06-23",2020-06-03,661
"2020-06-23",2020-06-02,679
"2020-06-23",2020-06-01,699
"2020-06-23",2020-05-31,645
"2020-06-23",2020-05-30,696
"2020-06-23",2020-05-29,756
"2020-06-23",2020-05-28,720
"2020-06-23",2020-05-27,747
"2020-06-23",2020-05-26,711
"2020-06-23",2020-05-25,853
"2020-06-23",2020-05-24,727
"2020-06-23",2020-05-23,799
"2020-06-23",2020-05-22,875
"2020-06-23",2020-05-21,826
"2020-06-23",2020-05-20,791
"2020-06-23",2020-05-19,847
"2020-06-23",2020-05-18,866
"2020-06-23",2020-05-17,852
"2020-06-23",2020-05-16,832
"2020-06-23",2020-05-15,809
"2020-06-23",2020-05-14,880
"2020-06-23",2020-05-13,848
"2020-06-23",2020-05-12,852
"2020-06-23",2020-05-11,836
"2020-06-23",2020-05-10,815
"2020-06-23",2020-05-09,834
"2020-06-23",2020-05-08,830
"2020-06-23",2020-05-07,798
"2020-06-23",2020-05-06,788
"2020-06-23",2020-05-05,841
"2020-06-23",2020-05-04,813
"2020-06-23",2020-05-03,768
"2020-06-23",2020-05-02,737
"2020-06-23",2020-05-01,728
"2020-06-23",2020-04-30,753
"2020-06-23",2020-04-29,747
"2020-06-23",2020-04-28,732
"2020-06-23",2020-04-27,672
"2020-06-23",2020-04-26,635
"2020-06-23",2020-04-25,625
"2020-06-23",2020-04-24,584
"2020-06-23",2020-04-23,561
"2020-06-23",2020-04-22,540
"2020-06-23",2020-04-21,445
"2020-06-23",2020-04-20,454
"2020-06-23",2020-04-19,416
"2020-06-23",2020-04-18,368
"2020-06-23",2020-04-17,344
"2020-06-23",2020-04-16,334
"2020-06-23",2020-04-15,328
"2020-06-23",2020-04-14,266
"2020-06-23",2020-04-13,302
"2020-06-23",2020-04-12,280
"2020-06-23",2020-04-11,237
"2020-06-23",2020-04-10,245
"2020-06-23",2020-04-09,195
"2020-06-23",2020-04-08,192
"2020-06-23",2020-04-07,211
"2020-06-23",2020-04-06,176
"2020-06-23",2020-04-05,186
"2020-06-23",2020-04-04,176
"2020-06-23",2020-04-03,161
"2020-06-23",2020-04-02,134
"2020-06-23",2020-04-01,114
"2020-06-23",2020-03-31,116
"2020-06-23",2020-03-30,92
"2020-06-23",2020-03-29,70
"2020-06-23",2020-03-28,74
"2020-06-23",2020-03-27,62
"2020-06-23",2020-03-26,54
"2020-06-23",2020-03-25,40
"2020-06-23",2020-03-24,37
"2020-06-23",2020-03-23,36
"2020-06-23",2020-03-22,20
"2020-06-23",2020-03-21,15
"2020-06-23",2020-03-20,18
"2020-06-23",2020-03-19,10
"2020-06-23",2020-03-18,8
"2020-06-23",2020-03-17,4
"2020-06-23",2020-03-16,3
"2020-06-23",2020-03-15,1
"2020-06-17",2020-06-16,99
"2020-06-17",2020-06-15,301
"2020-06-17",2020-06-14,277
"2020-06-17",2020-06-13,340
"2020-06-17",2020-06-12,369
"2020-06-17",2020-06-11,385
"2020-06-17",2020-06-10,400
"2020-06-17",2020-06-09,451
"2020-06-17",2020-06-08,467
"2020-06-17",2020-06-07,455
"2020-06-17",2020-06-06,551
"2020-06-17",2020-06-05,503
"2020-06-17",2020-06-04,559
"2020-06-17",2020-06-03,560
"2020-06-17",2020-06-02,567
"2020-06-17",2020-06-01,604
"2020-06-17",2020-05-31,578
"2020-06-17",2020-05-30,613
"2020-06-17",2020-05-29,666
"2020-06-17",2020-05-28,647
"2020-06-17",2020-05-27,677
"2020-06-17",2020-05-26,647
"2020-06-17",2020-05-25,777
"2020-06-17",2020-05-24,651
"2020-06-17",2020-05-23,727
"2020-06-17",2020-05-22,803
"2020-06-17",2020-05-21,767
"2020-06-17",2020-05-20,737
"2020-06-17",2020-05-19,797
"2020-06-17",2020-05-18,823
"2020-06-17",2020-05-17,789
"2020-06-17",2020-05-16,777
"2020-06-17",2020-05-15,778
"2020-06-17",2020-05-14,825
"2020-06-17",2020-05-13,786
"2020-06-17",2020-05-12,811
"2020-06-17",2020-05-11,793
"2020-06-17",2020-05-10,774
"2020-06-17",2020-05-09,799
"2020-06-17",2020-05-08,788
"2020-06-17",2020-05-07,751
"2020-06-17",2020-05-06,732
"2020-06-17",2020-05-05,795
"2020-06-17",2020-05-04,775
"2020-06-17",2020-05-03,747
"2020-06-17",2020-05-02,714
"2020-06-17",2020-05-01,696
"2020-06-17",2020-04-30,642
"2020-06-17",2020-04-29,664
"2020-06-17",2020-04-28,707
"2020-06-17",2020-04-27,646
"2020-06-17",2020-04-26,622
"2020-06-17",2020-04-25,586
"2020-06-17",2020-04-24,549
"2020-06-17",2020-04-23,529
"2020-06-17",2020-04-22,489
"2020-06-17",2020-04-21,415
"2020-06-17",2020-04-20,447
"2020-06-17",2020-04-19,405
"2020-06-17",2020-04-18,366
"2020-06-17",2020-04-17,332
"2020-06-17",2020-04-16,325
"2020-06-17",2020-04-15,322
"2020-06-17",2020-04-14,265
"2020-06-17",2020-04-13,298
"2020-06-17",2020-04-12,276
"2020-06-17",2020-04-11,231
"2020-06-17",2020-04-10,242
"2020-06-17",2020-04-09,192
"2020-06-17",2020-04-08,189
"2020-06-17",2020-04-07,206
"2020-06-17",2020-04-06,174
"2020-06-17",2020-04-05,180
"2020-06-17",2020-04-04,177
"2020-06-17",2020-04-03,160
"2020-06-17",2020-04-02,132
"2020-06-17",2020-04-01,113
"2020-06-17",2020-03-31,115
"2020-06-17",2020-03-30,92
"2020-06-17",2020-03-29,70
"2020-06-17",2020-03-28,73
"2020-06-17",2020-03-27,61
"2020-06-17",2020-03-26,53
"2020-06-17",2020-03-25,40
"2020-06-17",2020-03-24,37
"2020-06-17",2020-03-23,37
"2020-06-17",2020-03-22,20
"2020-06-17",2020-03-21,15
"2020-06-17",2020-03-20,18
"2020-06-17",2020-03-19,10
"2020-06-17",2020-03-18,8
"2020-06-17",2020-03-17,4
"2020-06-17",2020-03-16,3
"2020-06-17",2020-03-15,1
"2020-06-16",2020-06-16,23
"2020-06-16",2020-06-15,190
"2020-06-16",2020-06-14,225
"2020-06-16",2020-06-13,284
"2020-06-16",2020-06-12,321
"2020-06-16",2020-06-11,350
"2020-06-16",2020-06-10,372
"2020-06-16",2020-06-09,426
"2020-06-16",2020-06-08,439
"2020-06-16",2020-06-07,425
"2020-06-16",2020-06-06,538
"2020-06-16",2020-06-05,489
"2020-06-16",2020-06-04,538
"2020-06-16",2020-06-03,543
"2020-06-16",2020-06-02,549
"2020-06-16",2020-06-01,580
"2020-06-16",2020-05-31,558
"2020-06-16",2020-05-30,583
"2020-06-16",2020-05-29,644
"2020-06-16",2020-05-28,616
"2020-06-16",2020-05-27,651
"2020-06-16",2020-05-26,621
"2020-06-16",2020-05-25,739
"2020-06-16",2020-05-24,633
"2020-06-16",2020-05-23,698
"2020-06-16",2020-05-22,776
"2020-06-16",2020-05-21,733
"2020-06-16",2020-05-20,694
"2020-06-16",2020-05-19,763
"2020-06-16",2020-05-18,786
"2020-06-16",2020-05-17,747
"2020-06-16",2020-05-16,742
"2020-06-16",2020-05-15,732
"2020-06-16",2020-05-14,777
"2020-06-16",2020-05-13,726
"2020-06-16",2020-05-12,751
"2020-06-16",2020-05-11,734
"2020-06-16",2020-05-10,711
"2020-06-16",2020-05-09,737
"2020-06-16",2020-05-08,718
"2020-06-16",2020-05-07,670
"2020-06-16",2020-05-06,648
"2020-06-16",2020-05-05,687
"2020-06-16",2020-05-04,670
"2020-06-16",2020-05-03,629
"2020-06-16",2020-05-02,579
"2020-06-16",2020-05-01,553
"2020-06-16",2020-04-30,503
"2020-06-16",2020-04-29,490
"2020-06-16",2020-04-28,522
"2020-06-16",2020-04-27,432
"2020-06-16",2020-04-26,384
"2020-06-16",2020-04-25,347
"2020-06-16",2020-04-24,298
"2020-06-16",2020-04-23,258
"2020-06-16",2020-04-22,235
"2020-06-16",2020-04-21,192
"2020-06-16",2020-04-20,159
"2020-06-16",2020-04-19,170
"2020-06-16",2020-04-18,136
"2020-06-16",2020-04-17,105
"2020-06-16",2020-04-16,125
"2020-06-16",2020-04-15,89
"2020-06-16",2020-04-14,68
"2020-06-16",2020-04-13,79
"2020-06-16",2020-04-12,62
"2020-06-16",2020-04-11,56
"2020-06-16",2020-04-10,53
"2020-06-16",2020-04-09,48
"2020-06-16",2020-04-08,27
"2020-06-16",2020-04-07,28
"2020-06-16",2020-04-06,16
"2020-06-16",2020-04-05,25
"2020-06-16",2020-04-04,25
"2020-06-16",2020-04-03,24
"2020-06-16",2020-04-02,14
"2020-06-16",2020-04-01,16
"2020-06-16",2020-03-31,16
"2020-06-16",2020-03-30,5
"2020-06-16",2020-03-29,6
"2020-06-16",2020-03-28,4
"2020-06-16",2020-03-27,7
"2020-06-16",2020-03-26,5
"2020-06-16",2020-03-25,1
"2020-06-16",2020-03-24,4
"2020-06-16",2020-03-23,1
"2020-06-16",2020-03-22,2
"2020-06-16",2020-03-20,1
"2020-06-16",2020-03-19,2
"2020-06-16",2020-03-18,2
"2020-06-16",2020-03-17,1
"2020-06-09",2020-06-09,28
"2020-06-09",2020-06-08,117
"2020-06-09",2020-06-07,188
"2020-06-09",2020-06-06,287
"2020-06-09",2020-06-05,272
"2020-06-09",2020-06-04,359
"2020-06-09",2020-06-03,357
"2020-06-09",2020-06-02,385
"2020-06-09",2020-06-01,451
"2020-06-09",2020-05-31,426
"2020-06-09",2020-05-30,445
"2020-06-09",2020-05-29,486
"2020-06-09",2020-05-28,475
"2020-06-09",2020-05-27,495
"2020-06-09",2020-05-26,517
"2020-06-09",2020-05-25,608
"2020-06-09",2020-05-24,543
"2020-06-09",2020-05-23,591
"2020-06-09",2020-05-22,670
"2020-06-09",2020-05-21,609
"2020-06-09",2020-05-20,596
"2020-06-09",2020-05-19,658
"2020-06-09",2020-05-18,684
"2020-06-09",2020-05-17,660
"2020-06-09",2020-05-16,664
"2020-06-09",2020-05-15,675
"2020-06-09",2020-05-14,690
"2020-06-09",2020-05-13,671
"2020-06-09",2020-05-12,716
"2020-06-09",2020-05-11,692
"2020-06-09",2020-05-10,671
"2020-06-09",2020-05-09,706
"2020-06-09",2020-05-08,706
"2020-06-09",2020-05-07,648
"2020-06-09",2020-05-06,645
"2020-06-09",2020-05-05,704
"2020-06-09",2020-05-04,679
"2020-06-09",2020-05-03,661
"2020-06-09",2020-05-02,619
"2020-06-09",2020-05-01,612
"2020-06-09",2020-04-30,547
"2020-06-09",2020-04-29,577
"2020-06-09",2020-04-28,587
"2020-06-09",2020-04-27,525
"2020-06-09",2020-04-26,565
"2020-06-09",2020-04-25,542
"2020-06-09",2020-04-24,488
"2020-06-09",2020-04-23,470
"2020-06-09",2020-04-22,443
"2020-06-09",2020-04-21,374
"2020-06-09",2020-04-20,417
"2020-06-09",2020-04-19,367
"2020-06-09",2020-04-18,335
"2020-06-09",2020-04-17,317
"2020-06-09",2020-04-16,317
"2020-06-09",2020-04-15,306
"2020-06-09",2020-04-14,253
"2020-06-09",2020-04-13,282
"2020-06-09",2020-04-12,267
"2020-06-09",2020-04-11,219
"2020-06-09",2020-04-10,235
"2020-06-09",2020-04-09,190
"2020-06-09",2020-04-08,188
"2020-06-09",2020-04-07,194
"2020-06-09",2020-04-06,174
"2020-06-09",2020-04-05,179
"2020-06-09",2020-04-04,180
"2020-06-09",2020-04-03,162
"2020-06-09",2020-04-02,133
"2020-06-09",2020-04-01,115
"2020-06-09",2020-03-31,118
"2020-06-09",2020-03-30,89
"2020-06-09",2020-03-29,70
"2020-06-09",2020-03-28,74
"2020-06-09",2020-03-27,59
"2020-06-09",2020-03-26,53
"2020-06-09",2020-03-25,39
"2020-06-09",2020-03-24,37
"2020-06-09",2020-03-23,38
"2020-06-09",2020-03-22,20
"2020-06-09",2020-03-21,15
"2020-06-09",2020-03-20,18
"2020-06-09",2020-03-19,9
"2020-06-09",2020-03-18,8
"2020-06-09",2020-03-17,4
"2020-06-09",2020-03-16,3
"2020-06-09",2020-03-15,1
"2020-06-08",2020-06-08,63
"2020-06-08",2020-06-07,146
"2020-06-08",2020-06-06,242
"2020-06-08",2020-06-05,241
"2020-06-08",2020-06-04,338
"2020-06-08",2020-06-03,338
"2020-06-08",2020-06-02,371
"2020-06-08",2020-06-01,437
"2020-06-08",2020-05-31,411
"2020-06-08",2020-05-30,432
"2020-06-08",2020-05-29,472
"2020-06-08",2020-05-28,464
"2020-06-08",2020-05-27,471
"2020-06-08",2020-05-26,504
"2020-06-08",2020-05-25,594
"2020-06-08",2020-05-24,530
"2020-06-08",2020-05-23,580
"2020-06-08",2020-05-22,655
"2020-06-08",2020-05-21,601
"2020-06-08",2020-05-20,571
"2020-06-08",2020-05-19,648
"2020-06-08",2020-05-18,673
"2020-06-08",2020-05-17,654
"2020-06-08",2020-05-16,649
"2020-06-08",2020-05-15,662
"2020-06-08",2020-05-14,686
"2020-06-08",2020-05-13,664
"2020-06-08",2020-05-12,709
"2020-06-08",2020-05-11,682
"2020-06-08",2020-05-10,658
"2020-06-08",2020-05-09,694
"2020-06-08",2020-05-08,695
"2020-06-08",2020-05-07,640
"2020-06-08",2020-05-06,638
"2020-06-08",2020-05-05,693
"2020-06-08",2020-05-04,674
"2020-06-08",2020-05-03,653
"2020-06-08",2020-05-02,604
"2020-06-08",2020-05-01,603
"2020-06-08",2020-04-30,532
"2020-06-08",2020-04-29,570
"2020-06-08",2020-04-28,572
"2020-06-08",2020-04-27,518
"2020-06-08",2020-04-26,559
"2020-06-08",2020-04-25,539
"2020-06-08",2020-04-24,479
"2020-06-08",2020-04-23,466
"2020-06-08",2020-04-22,440
"2020-06-08",2020-04-21,372
"2020-06-08",2020-04-20,412
"2020-06-08",2020-04-19,360
"2020-06-08",2020-04-18,334
"2020-06-08",2020-04-17,316
"2020-06-08",2020-04-16,316
"2020-06-08",2020-04-15,306
"2020-06-08",2020-04-14,252
"2020-06-08",2020-04-13,278
"2020-06-08",2020-04-12,265
"2020-06-08",2020-04-11,217
"2020-06-08",2020-04-10,234
"2020-06-08",2020-04-09,192
"2020-06-08",2020-04-08,186
"2020-06-08",2020-04-07,194
"2020-06-08",2020-04-06,173
"2020-06-08",2020-04-05,177
"2020-06-08",2020-04-04,178
"2020-06-08",2020-04-03,160
"2020-06-08",2020-04-02,132
"2020-06-08",2020-04-01,115
"2020-06-08",2020-03-31,118
"2020-06-08",2020-03-30,88
"2020-06-08",2020-03-29,70
"2020-06-08",2020-03-28,72
"2020-06-08",2020-03-27,59
"2020-06-08",2020-03-26,53
"2020-06-08",2020-03-25,39
"2020-06-08",2020-03-24,37
"2020-06-08",2020-03-23,38
"2020-06-08",2020-03-22,20
"2020-06-08",2020-03-21,14
"2020-06-08",2020-03-20,17
"2020-06-08",2020-03-19,9
"2020-06-08",2020-03-18,8
"2020-06-08",2020-03-17,4
"2020-06-08",2020-03-16,3
"2020-06-08",2020-03-15,1
"2020-06-08",2020-03-12,1
"2020-06-07",2020-06-07,32
"2020-06-07",2020-06-06,110
"2020-06-07",2020-06-05,158
"2020-06-07",2020-06-04,275
"2020-06-07",2020-06-03,300
"2020-06-07",2020-06-02,324
"2020-06-07",2020-06-01,395
"2020-06-07",2020-05-31,385
"2020-06-07",2020-05-30,409
"2020-06-07",2020-05-29,453
"2020-06-07",2020-05-28,441
"2020-06-07",2020-05-27,460
"2020-06-07",2020-05-26,483
"2020-06-07",2020-05-25,576
"2020-06-07",2020-05-24,515
"2020-06-07",2020-05-23,562
"2020-06-07",2020-05-22,633
"2020-06-07",2020-05-21,590
"2020-06-07",2020-05-20,551
"2020-06-07",2020-05-19,635
"2020-06-07",2020-05-18,659
"2020-06-07",2020-05-17,645
"2020-06-07",2020-05-16,636
"2020-06-07",2020-05-15,647
"2020-06-07",2020-05-14,669
"2020-06-07",2020-05-13,650
"2020-06-07",2020-05-12,698
"2020-06-07",2020-05-11,673
"2020-06-07",2020-05-10,646
"2020-06-07",2020-05-09,682
"2020-06-07",2020-05-08,678
"2020-06-07",2020-05-07,627
"2020-06-07",2020-05-06,625
"2020-06-07",2020-05-05,684
"2020-06-07",2020-05-04,666
"2020-06-07",2020-05-03,638
"2020-06-07",2020-05-02,599
"2020-06-07",2020-05-01,591
"2020-06-07",2020-04-30,526
"2020-06-07",2020-04-29,568
"2020-06-07",2020-04-28,566
"2020-06-07",2020-04-27,515
"2020-06-07",2020-04-26,523
"2020-06-07",2020-04-25,536
"2020-06-07",2020-04-24,475
"2020-06-07",2020-04-23,463
"2020-06-07",2020-04-22,438
"2020-06-07",2020-04-21,372
"2020-06-07",2020-04-20,408
"2020-06-07",2020-04-19,359
"2020-06-07",2020-04-18,334
"2020-06-07",2020-04-17,316
"2020-06-07",2020-04-16,314
"2020-06-07",2020-04-15,305
"2020-06-07",2020-04-14,254
"2020-06-07",2020-04-13,278
"2020-06-07",2020-04-12,265
"2020-06-07",2020-04-11,215
"2020-06-07",2020-04-10,234
"2020-06-07",2020-04-09,192
"2020-06-07",2020-04-08,186
"2020-06-07",2020-04-07,193
"2020-06-07",2020-04-06,173
"2020-06-07",2020-04-05,175
"2020-06-07",2020-04-04,177
"2020-06-07",2020-04-03,161
"2020-06-07",2020-04-02,132
"2020-06-07",2020-04-01,114
"2020-06-07",2020-03-31,119
"2020-06-07",2020-03-30,88
"2020-06-07",2020-03-29,70
"2020-06-07",2020-03-28,72
"2020-06-07",2020-03-27,58
"2020-06-07",2020-03-26,53
"2020-06-07",2020-03-25,39
"2020-06-07",2020-03-24,37
"2020-06-07",2020-03-23,38
"2020-06-07",2020-03-22,20
"2020-06-07",2020-03-21,14
"2020-06-07",2020-03-20,17
"2020-06-07",2020-03-19,9
"2020-06-07",2020-03-18,8
"2020-06-07",2020-03-17,4
"2020-06-07",2020-03-16,3
"2020-06-07",2020-03-15,1
"2020-06-07",2020-03-12,1
"2020-06-06",2020-06-06,60
"2020-06-06",2020-06-05,143
"2020-06-06",2020-06-04,263
"2020-06-06",2020-06-03,293
"2020-06-06",2020-06-02,320
"2020-06-06",2020-06-01,390
"2020-06-06",2020-05-31,379
"2020-06-06",2020-05-30,406
"2020-06-06",2020-05-29,451
"2020-06-06",2020-05-28,436
"2020-06-06",2020-05-27,456
"2020-06-06",2020-05-26,482
"2020-06-06",2020-05-25,573
"2020-06-06",2020-05-24,512
"2020-06-06",2020-05-23,561
"2020-06-06",2020-05-22,628
"2020-06-06",2020-05-21,582
"2020-06-06",2020-05-20,550
"2020-06-06",2020-05-19,630
"2020-06-06",2020-05-18,644
"2020-06-06",2020-05-17,641
"2020-06-06",2020-05-16,633
"2020-06-06",2020-05-15,643
"2020-06-06",2020-05-14,667
"2020-06-06",2020-05-13,648
"2020-06-06",2020-05-12,700
"2020-06-06",2020-05-11,670
"2020-06-06",2020-05-10,643
"2020-06-06",2020-05-09,678
"2020-06-06",2020-05-08,675
"2020-06-06",2020-05-07,627
"2020-06-06",2020-05-06,622
"2020-06-06",2020-05-05,681
"2020-06-06",2020-05-04,662
"2020-06-06",2020-05-03,637
"2020-06-06",2020-05-02,596
"2020-06-06",2020-05-01,589
"2020-06-06",2020-04-30,523
"2020-06-06",2020-04-29,567
"2020-06-06",2020-04-28,563
"2020-06-06",2020-04-27,514
"2020-06-06",2020-04-26,486
"2020-06-06",2020-04-25,535
"2020-06-06",2020-04-24,475
"2020-06-06",2020-04-23,464
"2020-06-06",2020-04-22,438
"2020-06-06",2020-04-21,372
"2020-06-06",2020-04-20,408
"2020-06-06",2020-04-19,358
"2020-06-06",2020-04-18,334
"2020-06-06",2020-04-17,316
"2020-06-06",2020-04-16,314
"2020-06-06",2020-04-15,304
"2020-06-06",2020-04-14,254
"2020-06-06",2020-04-13,278
"2020-06-06",2020-04-12,265
"2020-06-06",2020-04-11,215
"2020-06-06",2020-04-10,234
"2020-06-06",2020-04-09,192
"2020-06-06",2020-04-08,186
"2020-06-06",2020-04-07,193
"2020-06-06",2020-04-06,173
"2020-06-06",2020-04-05,175
"2020-06-06",2020-04-04,177
"2020-06-06",2020-04-03,161
"2020-06-06",2020-04-02,132
"2020-06-06",2020-04-01,114
"2020-06-06",2020-03-31,119
"2020-06-06",2020-03-30,88
"2020-06-06",2020-03-29,70
"2020-06-06",2020-03-28,72
"2020-06-06",2020-03-27,58
"2020-06-06",2020-03-26,53
"2020-06-06",2020-03-25,39
"2020-06-06",2020-03-24,37
"2020-06-06",2020-03-23,38
"2020-06-06",2020-03-22,20
"2020-06-06",2020-03-21,14
"2020-06-06",2020-03-20,17
"2020-06-06",2020-03-19,9
"2020-06-06",2020-03-18,8
"2020-06-06",2020-03-17,4
"2020-06-06",2020-03-16,3
"2020-06-06",2020-03-15,1
"2020-06-06",2020-03-12,1
"2020-06-05",2020-06-05,75
"2020-06-05",2020-06-04,222
"2020-06-05",2020-06-03,272
"2020-06-05",2020-06-02,298
"2020-06-05",2020-06-01,374
"2020-06-05",2020-05-31,373
"2020-06-05",2020-05-30,400
"2020-06-05",2020-05-29,445
"2020-06-05",2020-05-28,427
"2020-06-05",2020-05-27,448
"2020-06-05",2020-05-26,477
"2020-06-05",2020-05-25,567
"2020-06-05",2020-05-24,510
"2020-06-05",2020-05-23,555
"2020-06-05",2020-05-22,623
"2020-06-05",2020-05-21,574
"2020-06-05",2020-05-20,539
"2020-06-05",2020-05-19,619
"2020-06-05",2020-05-18,640
"2020-06-05",2020-05-17,639
"2020-06-05",2020-05-16,621
"2020-06-05",2020-05-15,631
"2020-06-05",2020-05-14,657
"2020-06-05",2020-05-13,634
"2020-06-05",2020-05-12,696
"2020-06-05",2020-05-11,667
"2020-06-05",2020-05-10,636
"2020-06-05",2020-05-09,673
"2020-06-05",2020-05-08,665
"2020-06-05",2020-05-07,620
"2020-06-05",2020-05-06,620
"2020-06-05",2020-05-05,679
"2020-06-05",2020-05-04,658
"2020-06-05",2020-05-03,632
"2020-06-05",2020-05-02,589
"2020-06-05",2020-05-01,584
"2020-06-05",2020-04-30,520
"2020-06-05",2020-04-29,564
"2020-06-05",2020-04-28,559
"2020-06-05",2020-04-27,510
"2020-06-05",2020-04-26,482
"2020-06-05",2020-04-25,517
"2020-06-05",2020-04-24,474
"2020-06-05",2020-04-23,463
"2020-06-05",2020-04-22,436
"2020-06-05",2020-04-21,366
"2020-06-05",2020-04-20,408
"2020-06-05",2020-04-19,356
"2020-06-05",2020-04-18,335
"2020-06-05",2020-04-17,316
"2020-06-05",2020-04-16,309
"2020-06-05",2020-04-15,302
"2020-06-05",2020-04-14,255
"2020-06-05",2020-04-13,278
"2020-06-05",2020-04-12,264
"2020-06-05",2020-04-11,215
"2020-06-05",2020-04-10,233
"2020-06-05",2020-04-09,192
"2020-06-05",2020-04-08,186
"2020-06-05",2020-04-07,191
"2020-06-05",2020-04-06,174
"2020-06-05",2020-04-05,175
"2020-06-05",2020-04-04,176
"2020-06-05",2020-04-03,161
"2020-06-05",2020-04-02,132
"2020-06-05",2020-04-01,114
"2020-06-05",2020-03-31,119
"2020-06-05",2020-03-30,88
"2020-06-05",2020-03-29,70
"2020-06-05",2020-03-28,72
"2020-06-05",2020-03-27,58
"2020-06-05",2020-03-26,53
"2020-06-05",2020-03-25,39
"2020-06-05",2020-03-24,37
"2020-06-05",2020-03-23,38
"2020-06-05",2020-03-22,20
"2020-06-05",2020-03-21,14
"2020-06-05",2020-03-20,17
"2020-06-05",2020-03-19,9
"2020-06-05",2020-03-18,8
"2020-06-05",2020-03-17,4
"2020-06-05",2020-03-16,3
"2020-06-05",2020-03-15,1
"2020-06-05",2020-03-12,1
"2020-06-04",2020-06-04,101
"2020-06-04",2020-06-03,215
"2020-06-04",2020-06-02,266
"2020-06-04",2020-06-01,337
"2020-06-04",2020-05-31,349
"2020-06-04",2020-05-30,372
"2020-06-04",2020-05-29,417
"2020-06-04",2020-05-28,394
"2020-06-04",2020-05-27,421
"2020-06-04",2020-05-26,452
"2020-06-04",2020-05-25,541
"2020-06-04",2020-05-24,487
"2020-06-04",2020-05-23,517
"2020-06-04",2020-05-22,598
"2020-06-04",2020-05-21,558
"2020-06-04",2020-05-20,514
"2020-06-04",2020-05-19,601
"2020-06-04",2020-05-18,624
"2020-06-04",2020-05-17,614
"2020-06-04",2020-05-16,606
"2020-06-04",2020-05-15,618
"2020-06-04",2020-05-14,635
"2020-06-04",2020-05-13,623
"2020-06-04",2020-05-12,683
"2020-06-04",2020-05-11,654
"2020-06-04",2020-05-10,632
"2020-06-04",2020-05-09,669
"2020-06-04",2020-05-08,655
"2020-06-04",2020-05-07,611
"2020-06-04",2020-05-06,611
"2020-06-04",2020-05-05,669
"2020-06-04",2020-05-04,647
"2020-06-04",2020-05-03,620
"2020-06-04",2020-05-02,582
"2020-06-04",2020-05-01,574
"2020-06-04",2020-04-30,515
"2020-06-04",2020-04-29,560
"2020-06-04",2020-04-28,546
"2020-06-04",2020-04-27,502
"2020-06-04",2020-04-26,471
"2020-06-04",2020-04-25,512
"2020-06-04",2020-04-24,474
"2020-06-04",2020-04-23,461
"2020-06-04",2020-04-22,433
"2020-06-04",2020-04-21,366
"2020-06-04",2020-04-20,407
"2020-06-04",2020-04-19,354
"2020-06-04",2020-04-18,332
"2020-06-04",2020-04-17,314
"2020-06-04",2020-04-16,305
"2020-06-04",2020-04-15,300
"2020-06-04",2020-04-14,255
"2020-06-04",2020-04-13,276
"2020-06-04",2020-04-12,264
"2020-06-04",2020-04-11,212
"2020-06-04",2020-04-10,230
"2020-06-04",2020-04-09,192
"2020-06-04",2020-04-08,187
"2020-06-04",2020-04-07,191
"2020-06-04",2020-04-06,173
"2020-06-04",2020-04-05,174
"2020-06-04",2020-04-04,175
"2020-06-04",2020-04-03,161
"2020-06-04",2020-04-02,131
"2020-06-04",2020-04-01,114
"2020-06-04",2020-03-31,118
"2020-06-04",2020-03-30,87
"2020-06-04",2020-03-29,70
"2020-06-04",2020-03-28,72
"2020-06-04",2020-03-27,58
"2020-06-04",2020-03-26,53
"2020-06-04",2020-03-25,39
"2020-06-04",2020-03-24,37
"2020-06-04",2020-03-23,38
"2020-06-04",2020-03-22,20
"2020-06-04",2020-03-21,14
"2020-06-04",2020-03-20,17
"2020-06-04",2020-03-19,9
"2020-06-04",2020-03-18,8
"2020-06-04",2020-03-17,4
"2020-06-04",2020-03-16,3
"2020-06-04",2020-03-15,1
"2020-06-04",2020-03-12,1
"2020-06-03",2020-06-03,71
"2020-06-03",2020-06-02,213
"2020-06-03",2020-06-01,306
"2020-06-03",2020-05-31,320
"2020-06-03",2020-05-30,332
"2020-06-03",2020-05-29,384
"2020-06-03",2020-05-28,371
"2020-06-03",2020-05-27,407
"2020-06-03",2020-05-26,430
"2020-06-03",2020-05-25,516
"2020-06-03",2020-05-24,467
"2020-06-03",2020-05-23,497
"2020-06-03",2020-05-22,570
"2020-06-03",2020-05-21,535
"2020-06-03",2020-05-20,499
"2020-06-03",2020-05-19,584
"2020-06-03",2020-05-18,597
"2020-06-03",2020-05-17,597
"2020-06-03",2020-05-16,587
"2020-06-03",2020-05-15,601
"2020-06-03",2020-05-14,623
"2020-06-03",2020-05-13,604
"2020-06-03",2020-05-12,672
"2020-06-03",2020-05-11,641
"2020-06-03",2020-05-10,622
"2020-06-03",2020-05-09,660
"2020-06-03",2020-05-08,644
"2020-06-03",2020-05-07,605
"2020-06-03",2020-05-06,596
"2020-06-03",2020-05-05,661
"2020-06-03",2020-05-04,640
"2020-06-03",2020-05-03,605
"2020-06-03",2020-05-02,575
"2020-06-03",2020-05-01,571
"2020-06-03",2020-04-30,510
"2020-06-03",2020-04-29,555
"2020-06-03",2020-04-28,535
"2020-06-03",2020-04-27,496
"2020-06-03",2020-04-26,459
"2020-06-03",2020-04-25,508
"2020-06-03",2020-04-24,469
"2020-06-03",2020-04-23,457
"2020-06-03",2020-04-22,430
"2020-06-03",2020-04-21,360
"2020-06-03",2020-04-20,379
"2020-06-03",2020-04-19,338
"2020-06-03",2020-04-18,333
"2020-06-03",2020-04-17,312
"2020-06-03",2020-04-16,301
"2020-06-03",2020-04-15,298
"2020-06-03",2020-04-14,252
"2020-06-03",2020-04-13,276
"2020-06-03",2020-04-12,264
"2020-06-03",2020-04-11,211
"2020-06-03",2020-04-10,231
"2020-06-03",2020-04-09,191
"2020-06-03",2020-04-08,187
"2020-06-03",2020-04-07,190
"2020-06-03",2020-04-06,172
"2020-06-03",2020-04-05,174
"2020-06-03",2020-04-04,174
"2020-06-03",2020-04-03,159
"2020-06-03",2020-04-02,130
"2020-06-03",2020-04-01,114
"2020-06-03",2020-03-31,115
"2020-06-03",2020-03-30,88
"2020-06-03",2020-03-29,70
"2020-06-03",2020-03-28,72
"2020-06-03",2020-03-27,58
"2020-06-03",2020-03-26,53
"2020-06-03",2020-03-25,39
"2020-06-03",2020-03-24,37
"2020-06-03",2020-03-23,38
"2020-06-03",2020-03-22,20
"2020-06-03",2020-03-21,14
"2020-06-03",2020-03-20,17
"2020-06-03",2020-03-19,9
"2020-06-03",2020-03-18,8
"2020-06-03",2020-03-17,4
"2020-06-03",2020-03-16,3
"2020-06-03",2020-03-15,1
"2020-06-03",2020-03-12,1
"2020-06-02",2020-06-03,71
"2020-06-02",2020-06-02,213
"2020-06-02",2020-06-01,306
"2020-06-02",2020-05-31,320
"2020-06-02",2020-05-30,332
"2020-06-02",2020-05-29,384
"2020-06-02",2020-05-28,371
"2020-06-02",2020-05-27,407
"2020-06-02",2020-05-26,430
"2020-06-02",2020-05-25,516
"2020-06-02",2020-05-24,467
"2020-06-02",2020-05-23,497
"2020-06-02",2020-05-22,570
"2020-06-02",2020-05-21,535
"2020-06-02",2020-05-20,499
"2020-06-02",2020-05-19,584
"2020-06-02",2020-05-18,597
"2020-06-02",2020-05-17,597
"2020-06-02",2020-05-16,587
"2020-06-02",2020-05-15,601
"2020-06-02",2020-05-14,623
"2020-06-02",2020-05-13,604
"2020-06-02",2020-05-12,672
"2020-06-02",2020-05-11,641
"2020-06-02",2020-05-10,622
"2020-06-02",2020-05-09,660
"2020-06-02",2020-05-08,644
"2020-06-02",2020-05-07,605
"2020-06-02",2020-05-06,596
"2020-06-02",2020-05-05,661
"2020-06-02",2020-05-04,640
"2020-06-02",2020-05-03,605
"2020-06-02",2020-05-02,575
"2020-06-02",2020-05-01,571
"2020-06-02",2020-04-30,510
"2020-06-02",2020-04-29,555
"2020-06-02",2020-04-28,535
"2020-06-02",2020-04-27,496
"2020-06-02",2020-04-26,459
"2020-06-02",2020-04-25,508
"2020-06-02",2020-04-24,469
"2020-06-02",2020-04-23,457
"2020-06-02",2020-04-22,430
"2020-06-02",2020-04-21,360
"2020-06-02",2020-04-20,379
"2020-06-02",2020-04-19,338
"2020-06-02",2020-04-18,333
"2020-06-02",2020-04-17,312
"2020-06-02",2020-04-16,301
"2020-06-02",2020-04-15,298
"2020-06-02",2020-04-14,252
"2020-06-02",2020-04-13,276
"2020-06-02",2020-04-12,264
"2020-06-02",2020-04-11,211
"2020-06-02",2020-04-10,231
"2020-06-02",2020-04-09,191
"2020-06-02",2020-04-08,187
"2020-06-02",2020-04-07,190
"2020-06-02",2020-04-06,172
"2020-06-02",2020-04-05,174
"2020-06-02",2020-04-04,174
"2020-06-02",2020-04-03,159
"2020-06-02",2020-04-02,130
"2020-06-02",2020-04-01,114
"2020-06-02",2020-03-31,115
"2020-06-02",2020-03-30,88
"2020-06-02",2020-03-29,70
"2020-06-02",2020-03-28,72
"2020-06-02",2020-03-27,58
"2020-06-02",2020-03-26,53
"2020-06-02",2020-03-25,39
"2020-06-02",2020-03-24,37
"2020-06-02",2020-03-23,38
"2020-06-02",2020-03-22,20
"2020-06-02",2020-03-21,14
"2020-06-02",2020-03-20,17
"2020-06-02",2020-03-19,9
"2020-06-02",2020-03-18,8
"2020-06-02",2020-03-17,4
"2020-06-02",2020-03-16,3
"2020-06-02",2020-03-15,1
"2020-06-02",2020-03-12,1
"2020-06-01",2020-06-01,17
"2020-06-01",2020-05-31,82
"2020-06-01",2020-05-30,129
"2020-06-01",2020-05-29,185
"2020-06-01",2020-05-28,247
"2020-06-01",2020-05-27,285
"2020-06-01",2020-05-26,324
"2020-06-01",2020-05-25,418
"2020-06-01",2020-05-24,398
"2020-06-01",2020-05-23,414
"2020-06-01",2020-05-22,496
"2020-06-01",2020-05-21,478
"2020-06-01",2020-05-20,432
"2020-06-01",2020-05-19,537
"2020-06-01",2020-05-18,525
"2020-06-01",2020-05-17,523
"2020-06-01",2020-05-16,505
"2020-06-01",2020-05-15,528
"2020-06-01",2020-05-14,556
"2020-06-01",2020-05-13,553
"2020-06-01",2020-05-12,609
"2020-06-01",2020-05-11,594
"2020-06-01",2020-05-10,562
"2020-06-01",2020-05-09,598
"2020-06-01",2020-05-08,597
"2020-06-01",2020-05-07,549
"2020-06-01",2020-05-06,552
"2020-06-01",2020-05-05,624
"2020-06-01",2020-05-04,625
"2020-06-01",2020-05-03,582
"2020-06-01",2020-05-02,557
"2020-06-01",2020-05-01,545
"2020-06-01",2020-04-30,496
"2020-06-01",2020-04-29,539
"2020-06-01",2020-04-28,516
"2020-06-01",2020-04-27,481
"2020-06-01",2020-04-26,440
"2020-06-01",2020-04-25,477
"2020-06-01",2020-04-24,454
"2020-06-01",2020-04-23,441
"2020-06-01",2020-04-22,421
"2020-06-01",2020-04-21,345
"2020-06-01",2020-04-20,369
"2020-06-01",2020-04-19,324
"2020-06-01",2020-04-18,311
"2020-06-01",2020-04-17,290
"2020-06-01",2020-04-16,280
"2020-06-01",2020-04-15,283
"2020-06-01",2020-04-14,245
"2020-06-01",2020-04-13,274
"2020-06-01",2020-04-12,264
"2020-06-01",2020-04-11,212
"2020-06-01",2020-04-10,228
"2020-06-01",2020-04-09,189
"2020-06-01",2020-04-08,189
"2020-06-01",2020-04-07,188
"2020-06-01",2020-04-06,170
"2020-06-01",2020-04-05,177
"2020-06-01",2020-04-04,174
"2020-06-01",2020-04-03,161
"2020-06-01",2020-04-02,131
"2020-06-01",2020-04-01,113
"2020-06-01",2020-03-31,114
"2020-06-01",2020-03-30,89
"2020-06-01",2020-03-29,70
"2020-06-01",2020-03-28,73
"2020-06-01",2020-03-27,59
"2020-06-01",2020-03-26,53
"2020-06-01",2020-03-25,39
"2020-06-01",2020-03-24,37
"2020-06-01",2020-03-23,38
"2020-06-01",2020-03-22,20
"2020-06-01",2020-03-21,15
"2020-06-01",2020-03-20,16
"2020-06-01",2020-03-19,9
"2020-06-01",2020-03-18,8
"2020-06-01",2020-03-17,4
"2020-06-01",2020-03-16,3
"2020-06-01",2020-03-15,1
"2020-06-01",2020-03-12,1
"2020-05-18",2020-05-18,66
"2020-05-18",2020-05-17,142
"2020-05-18",2020-05-16,146
"2020-05-18",2020-05-15,189
"2020-05-18",2020-05-14,219
"2020-05-18",2020-05-13,261
"2020-05-18",2020-05-12,305
"2020-05-18",2020-05-11,291
"2020-05-18",2020-05-10,329
"2020-05-18",2020-05-09,336
"2020-05-18",2020-05-08,333
"2020-05-18",2020-05-07,351
"2020-05-18",2020-05-06,356
"2020-05-18",2020-05-05,419
"2020-05-18",2020-05-04,385
"2020-05-18",2020-05-03,395
"2020-05-18",2020-05-02,370
"2020-05-18",2020-05-01,369
"2020-05-18",2020-04-30,363
"2020-05-18",2020-04-29,405
"2020-05-18",2020-04-28,390
"2020-05-18",2020-04-27,378
"2020-05-18",2020-04-26,357
"2020-05-18",2020-04-25,367
"2020-05-18",2020-04-24,374
"2020-05-18",2020-04-23,361
"2020-05-18",2020-04-22,340
"2020-05-18",2020-04-21,283
"2020-05-18",2020-04-20,324
"2020-05-18",2020-04-19,270
"2020-05-18",2020-04-18,281
"2020-05-18",2020-04-17,245
"2020-05-18",2020-04-16,251
"2020-05-18",2020-04-15,249
"2020-05-18",2020-04-14,220
"2020-05-18",2020-04-13,233
"2020-05-18",2020-04-12,227
"2020-05-18",2020-04-11,183
"2020-05-18",2020-04-10,202
"2020-05-18",2020-04-09,170
"2020-05-18",2020-04-08,171
"2020-05-18",2020-04-07,178
"2020-05-18",2020-04-06,160
"2020-05-18",2020-04-05,153
"2020-05-18",2020-04-04,155
"2020-05-18",2020-04-03,144
"2020-05-18",2020-04-02,123
"2020-05-18",2020-04-01,108
"2020-05-18",2020-03-31,104
"2020-05-18",2020-03-30,87
"2020-05-18",2020-03-29,69
"2020-05-18",2020-03-28,71
"2020-05-18",2020-03-27,58
"2020-05-18",2020-03-26,49
"2020-05-18",2020-03-25,36
"2020-05-18",2020-03-24,36
"2020-05-18",2020-03-23,34
"2020-05-18",2020-03-22,18
"2020-05-18",2020-03-21,15
"2020-05-18",2020-03-20,17
"2020-05-18",2020-03-19,8
"2020-05-18",2020-03-18,8
"2020-05-18",2020-03-17,4
"2020-05-18",2020-03-16,3
"2020-05-18",2020-03-15,1
"2020-05-18",2020-03-12,1
"2020-05-04",2020-05-04,13
"2020-05-04",2020-05-03,52
"2020-05-04",2020-05-02,70
"2020-05-04",2020-05-01,86
"2020-05-04",2020-04-30,103
"2020-05-04",2020-04-29,150
"2020-05-04",2020-04-28,175
"2020-05-04",2020-04-27,167
"2020-05-04",2020-04-26,201
"2020-05-04",2020-04-25,177
"2020-05-04",2020-04-24,188
"2020-05-04",2020-04-23,213
"2020-05-04",2020-04-22,209
"2020-05-04",2020-04-21,201
"2020-05-04",2020-04-20,229
"2020-05-04",2020-04-19,190
"2020-05-04",2020-04-18,212
"2020-05-04",2020-04-17,186
"2020-05-04",2020-04-16,196
"2020-05-04",2020-04-15,201
"2020-05-04",2020-04-14,183
"2020-05-04",2020-04-13,198
"2020-05-04",2020-04-12,193
"2020-05-04",2020-04-11,160
"2020-05-04",2020-04-10,180
"2020-05-04",2020-04-09,132
"2020-05-04",2020-04-08,159
"2020-05-04",2020-04-07,163
"2020-05-04",2020-04-06,151
"2020-05-04",2020-04-05,143
"2020-05-04",2020-04-04,139
"2020-05-04",2020-04-03,126
"2020-05-04",2020-04-02,106
"2020-05-04",2020-04-01,93
"2020-05-04",2020-03-31,86
"2020-05-04",2020-03-30,83
"2020-05-04",2020-03-29,63
"2020-05-04",2020-03-28,65
"2020-05-04",2020-03-27,52
"2020-05-04",2020-03-26,42
"2020-05-04",2020-03-25,33
"2020-05-04",2020-03-24,32
"2020-05-04",2020-03-23,36
"2020-05-04",2020-03-22,17
"2020-05-04",2020-03-21,13
"2020-05-04",2020-03-20,14
"2020-05-04",2020-03-19,7
"2020-05-04",2020-03-18,5
"2020-05-04",2020-03-17,3
"2020-05-04",2020-03-16,3
"2020-05-04",2020-03-15,1
"2020-05-04",2020-03-12,1
